group_and_title,luminance_class,lum_class_length,mean_distance,max_distance,min_distance,dist_class_span
group1_HAMEN_serving_table_01,0.0005,6716,2.2556,2.9535,1.8187,(2.9318 - 1.7698)
group1_HAMEN_serving_table_01,0.0506,7708,1.7664,2.1088,1.4538,(2.0701 - 1.4195)
group1_HAMEN_serving_table_01,0.1007,7706,1.5042,1.8885,1.2203,(1.8699 - 1.2194)
group1_HAMEN_serving_table_01,0.1508,6418,1.3051,1.6562,1.0518,(1.6197 - 1.0193)
group1_HAMEN_serving_table_01,0.2008,6251,1.1447,1.4426,0.8971,(1.4195 - 0.8692)
group1_HAMEN_serving_table_01,0.2508,6110,1.0186,1.3202,0.7998,(1.3195 - 0.7691)
group1_HAMEN_serving_table_01,0.3009,5510,0.9079,1.1726,0.681,(1.1694 - 0.669)
group1_HAMEN_serving_table_01,0.351,4901,0.8015,1.0765,0.6011,(1.0694 - 0.569)
group1_HAMEN_serving_table_01,0.401,4468,0.7048,1.0042,0.5121,(0.9693 - 0.4689)
group1_HAMEN_serving_table_01,0.4511,3987,0.6262,0.9349,0.4421,(0.9192 - 0.4188)
group1_HAMEN_serving_table_01,0.5012,3843,0.5463,0.8586,0.3828,(0.8191 - 0.3687)
group1_HAMEN_serving_table_01,0.5512,3523,0.4681,0.8173,0.3215,(0.7691 - 0.3187)
group1_HAMEN_serving_table_01,0.6013,2725,0.3925,0.7211,0.2672,(0.7191 - 0.2186)
group1_HAMEN_serving_table_01,0.6513,2288,0.3262,0.5617,0.2235,(0.5189 - 0.2186)
group1_HAMEN_serving_table_01,0.7013,1861,0.271,0.4751,0.1767,(0.4689 - 0.1685)
group1_HAMEN_serving_table_01,0.7514,1361,0.2208,0.3434,0.1396,(0.3187 - 0.1185)
group1_HAMEN_serving_table_01,0.8014,900,0.168,0.274,0.1077,(0.2686 - 0.0684)
group1_HAMEN_serving_table_01,0.8514,641,0.1222,0.2304,0.0765,(0.2186 - 0.0684)
group1_HAMEN_serving_table_01,0.9018,327,0.0893,0.1564,0.0319,(0.1185 - 0.0179)
group1_HAMEN_serving_table_01,0.952,121,0.0604,0.1135,0.0179,(0.0684 - 0.0179)
group1_HAMEN_serving_table_02,0,10101,2.2667,3,1.7434,(2.9766 - 1.7136)
group1_HAMEN_serving_table_02,0.0501,7784,1.6995,2.0632,1.4148,(2.0139 - 1.4134)
group1_HAMEN_serving_table_02,0.1002,5012,1.4103,1.6593,1.1663,(1.6135 - 1.1631)
group1_HAMEN_serving_table_02,0.1503,4302,1.2017,1.5026,1.0023,(1.4634 - 0.963)
group1_HAMEN_serving_table_02,0.2003,4207,1.0365,1.2934,0.8614,(1.2632 - 0.8128)
group1_HAMEN_serving_table_02,0.2503,4110,0.9046,1.1289,0.739,(1.1131 - 0.7127)
group1_HAMEN_serving_table_02,0.3004,3831,0.799,1.0053,0.6494,(0.963 - 0.6126)
group1_HAMEN_serving_table_02,0.3505,3168,0.7056,0.9117,0.5539,(0.8628 - 0.5126)
group1_HAMEN_serving_table_02,0.4005,2714,0.6236,0.8371,0.4795,(0.8128 - 0.4625)
group1_HAMEN_serving_table_02,0.4506,2357,0.5492,0.7502,0.4088,(0.7127 - 0.3624)
group1_HAMEN_serving_table_02,0.5006,1886,0.4787,0.701,0.3537,(0.6627 - 0.3123)
group1_HAMEN_serving_table_02,0.5507,1479,0.4167,0.6322,0.2938,(0.6126 - 0.2623)
group1_HAMEN_serving_table_02,0.6007,1168,0.3529,0.5614,0.2468,(0.5126 - 0.212)
group1_HAMEN_serving_table_02,0.6508,856,0.2911,0.5036,0.1994,(0.4625 - 0.1612)
group1_HAMEN_serving_table_02,0.7009,636,0.2306,0.4477,0.1531,(0.4125 - 0.1101)
group1_HAMEN_serving_table_02,0.7509,496,0.1773,0.3802,0.1125,(0.3624 - 0.1101)
group1_HAMEN_serving_table_02,0.801,389,0.1292,0.3128,0.0809,(0.3123 - 0.06)
group1_HAMEN_serving_table_02,0.8511,274,0.0907,0.1858,0.0521,(0.1612 - 0.0099)
group1_HAMEN_serving_table_02,0.9011,143,0.0562,0.1684,0.0199,(0.1612 - 0.0099)
group1_HAMEN_serving_table_02,0.9536,32,0.0248,0.0421,0.0099,(0.0099 - 0.0099)
group1_HAMEN_still_life_with_a_puppy,0,20494,2.2805,3,1.7446,(2.9611 - 1.704)
group1_HAMEN_still_life_with_a_puppy,0.0501,14130,1.7047,2.1172,1.3977,(2.1044 - 1.3537)
group1_HAMEN_still_life_with_a_puppy,0.1002,11672,1.4404,1.8426,1.1655,(1.804 - 1.1536)
group1_HAMEN_still_life_with_a_puppy,0.1503,9596,1.2486,1.5938,1.0023,(1.5538 - 0.9535)
group1_HAMEN_still_life_with_a_puppy,0.2003,8018,1.1021,1.4343,0.8636,(1.4037 - 0.8534)
group1_HAMEN_still_life_with_a_puppy,0.2503,6547,0.9846,1.3045,0.7568,(1.3036 - 0.7534)
group1_HAMEN_still_life_with_a_puppy,0.3004,5170,0.8806,1.2157,0.6666,(1.2036 - 0.6533)
group1_HAMEN_still_life_with_a_puppy,0.3505,3764,0.7847,1.0982,0.5597,(1.0535 - 0.5532)
group1_HAMEN_still_life_with_a_puppy,0.4005,2750,0.7023,0.9736,0.5017,(0.9535 - 0.4531)
group1_HAMEN_still_life_with_a_puppy,0.4506,2185,0.6256,0.9324,0.445,(0.9035 - 0.403)
group1_HAMEN_still_life_with_a_puppy,0.5006,1731,0.5588,0.8708,0.3789,(0.8534 - 0.3529)
group1_HAMEN_still_life_with_a_puppy,0.5507,1570,0.4915,0.7345,0.3144,(0.7033 - 0.3028)
group1_HAMEN_still_life_with_a_puppy,0.6007,1385,0.4334,0.7065,0.2672,(0.7033 - 0.2526)
group1_HAMEN_still_life_with_a_puppy,0.6508,1315,0.3754,0.6405,0.2257,(0.6033 - 0.2025)
group1_HAMEN_still_life_with_a_puppy,0.7009,1314,0.3301,0.5517,0.1702,(0.5032 - 0.1524)
group1_HAMEN_still_life_with_a_puppy,0.7509,1292,0.2743,0.4951,0.1269,(0.4531 - 0.1023)
group1_HAMEN_still_life_with_a_puppy,0.8011,1365,0.2233,0.4402,0.0913,(0.403 - 0.0521)
group1_HAMEN_still_life_with_a_puppy,0.8512,1197,0.1691,0.3825,0.0621,(0.3529 - 0.0521)
group1_HAMEN_still_life_with_a_puppy,0.9012,931,0.1156,0.3375,0.0239,(0.3028 - 0.002)
group1_HAMEN_still_life_with_a_puppy,0.9512,398,0.0681,0.2409,0.002,(0.2025 - 0.002)
group1_HAMEN_still_life_with_flowers_and_a_dog,0,10472,2.3021,3,1.7771,(2.9689 - 1.757)
group1_HAMEN_still_life_with_flowers_and_a_dog,0.0501,4115,1.7211,2.0858,1.4314,(2.0571 - 1.4063)
group1_HAMEN_still_life_with_flowers_and_a_dog,0.1002,2064,1.4211,1.8142,1.1886,(1.807 - 1.156)
group1_HAMEN_still_life_with_flowers_and_a_dog,0.1503,1322,1.2238,1.6105,1.0025,(1.6068 - 0.9556)
group1_HAMEN_still_life_with_flowers_and_a_dog,0.2003,695,1.0647,1.515,0.8843,(1.5067 - 0.8555)
group1_HAMEN_still_life_with_flowers_and_a_dog,0.2503,495,0.9289,1.2124,0.7723,(1.2062 - 0.7552)
group1_HAMEN_still_life_with_flowers_and_a_dog,0.3004,351,0.831,1.1302,0.6554,(1.1059 - 0.6547)
group1_HAMEN_still_life_with_flowers_and_a_dog,0.3506,301,0.7259,1.0848,0.5861,(1.0558 - 0.5545)
group1_HAMEN_still_life_with_flowers_and_a_dog,0.4009,267,0.6531,0.9506,0.5128,(0.9056 - 0.5045)
group1_HAMEN_still_life_with_flowers_and_a_dog,0.4509,194,0.5708,0.7717,0.4489,(0.7552 - 0.4044)
group1_HAMEN_still_life_with_flowers_and_a_dog,0.501,191,0.5018,0.7356,0.3853,(0.705 - 0.3541)
group1_HAMEN_still_life_with_flowers_and_a_dog,0.551,160,0.4332,0.6373,0.3151,(0.6046 - 0.3041)
group1_HAMEN_still_life_with_flowers_and_a_dog,0.6011,156,0.3974,0.5976,0.2608,(0.5545 - 0.2539)
group1_HAMEN_still_life_with_flowers_and_a_dog,0.6513,146,0.3312,0.5012,0.2301,(0.4544 - 0.2032)
group1_HAMEN_still_life_with_flowers_and_a_dog,0.7014,172,0.2847,0.4547,0.1788,(0.4544 - 0.1528)
group1_HAMEN_still_life_with_flowers_and_a_dog,0.7515,160,0.2248,0.4733,0.1417,(0.4544 - 0.1023)
group1_HAMEN_still_life_with_flowers_and_a_dog,0.8016,178,0.1854,0.3788,0.0749,(0.3541 - 0.0522)
group1_HAMEN_still_life_with_flowers_and_a_dog,0.8516,149,0.1357,0.3414,0.0601,(0.3041 - 0.0522)
group1_HAMEN_still_life_with_flowers_and_a_dog,0.9017,135,0.0746,0.267,0.0258,(0.2539 - 0.002)
group1_HAMEN_still_life_with_flowers_and_a_dog,0.9518,96,0.0293,0.0921,0.002,(0.0522 - 0.002)
group1_HAMEN_still-life,0,14293,2.188,3,1.7744,(2.9922 - 1.7318)
group1_HAMEN_still-life,0.0501,12951,1.6951,2.0947,1.4311,(2.0822 - 1.3816)
group1_HAMEN_still-life,0.1002,10008,1.4337,1.7586,1.2034,(1.7318 - 1.1815)
group1_HAMEN_still-life,0.1503,7110,1.2392,1.6044,1.0264,(1.5817 - 0.9814)
group1_HAMEN_still-life,0.2003,5482,1.0835,1.3467,0.8909,(1.3316 - 0.8814)
group1_HAMEN_still-life,0.2503,4416,0.9561,1.1385,0.7785,(1.1315 - 0.7313)
group1_HAMEN_still-life,0.3004,3728,0.8486,1.0231,0.678,(0.9814 - 0.6312)
group1_HAMEN_still-life,0.3505,3072,0.753,0.8956,0.6006,(0.8814 - 0.5811)
group1_HAMEN_still-life,0.4005,2670,0.6634,0.798,0.526,(0.7813 - 0.481)
group1_HAMEN_still-life,0.4506,2284,0.5847,0.7033,0.4615,(0.6812 - 0.4309)
group1_HAMEN_still-life,0.5006,1853,0.5128,0.619,0.4,(0.5811 - 0.3808)
group1_HAMEN_still-life,0.5507,1437,0.4466,0.5635,0.3406,(0.531 - 0.3308)
group1_HAMEN_still-life,0.6007,1100,0.385,0.4724,0.2951,(0.4309 - 0.2806)
group1_HAMEN_still-life,0.6508,771,0.3269,0.4027,0.2393,(0.3808 - 0.2305)
group1_HAMEN_still-life,0.701,476,0.2751,0.3475,0.1942,(0.3308 - 0.1801)
group1_HAMEN_still-life,0.7512,201,0.2247,0.2859,0.1625,(0.2806 - 0.1297)
group1_HAMEN_still-life,0.8012,64,0.1788,0.2544,0.135,(0.2305 - 0.1297)
group1_HAMEN_still-life,0.8552,10,0.1311,0.1578,0.1106,(0.1297 - 0.0693)
group1_HAMEN_still-life,0.9179,1,0.0693,0.0693,0.0693,(0.0693 - 0.0693)
group1_HEDA_breakfast_of_crab,0.0001,14628,2.2665,2.9922,1.7731,(2.9612 - 1.7536)
group1_HEDA_breakfast_of_crab,0.0502,10702,1.7221,2.1139,1.4307,(2.104 - 1.4034)
group1_HEDA_breakfast_of_crab,0.1003,8194,1.4547,1.8574,1.208,(1.8537 - 1.2033)
group1_HEDA_breakfast_of_crab,0.1504,6423,1.2558,1.6456,1.0372,(1.6036 - 1.0032)
group1_HEDA_breakfast_of_crab,0.2005,5309,1.1004,1.4484,0.8966,(1.4034 - 0.8531)
group1_HEDA_breakfast_of_crab,0.2506,4566,0.9756,1.4109,0.7922,(1.4034 - 0.7529)
group1_HEDA_breakfast_of_crab,0.3007,3975,0.8602,1.1723,0.6869,(1.1533 - 0.6528)
group1_HEDA_breakfast_of_crab,0.3508,3237,0.7509,1.019,0.6006,(1.0032 - 0.5527)
group1_HEDA_breakfast_of_crab,0.4009,2767,0.6522,0.9336,0.5283,(0.9031 - 0.5026)
group1_HEDA_breakfast_of_crab,0.4509,2384,0.5689,0.8381,0.4637,(0.803 - 0.4526)
group1_HEDA_breakfast_of_crab,0.501,2014,0.4927,0.7586,0.4,(0.7529 - 0.3525)
group1_HEDA_breakfast_of_crab,0.551,1743,0.4234,0.6869,0.3454,(0.6528 - 0.3024)
group1_HEDA_breakfast_of_crab,0.6011,1466,0.3642,0.6004,0.2858,(0.5527 - 0.2523)
group1_HEDA_breakfast_of_crab,0.6511,1200,0.3095,0.4752,0.247,(0.4526 - 0.2022)
group1_HEDA_breakfast_of_crab,0.7012,904,0.2609,0.3967,0.199,(0.3525 - 0.1521)
group1_HEDA_breakfast_of_crab,0.7513,550,0.2146,0.2896,0.1567,(0.2523 - 0.1521)
group1_HEDA_breakfast_of_crab,0.8013,245,0.1746,0.2395,0.1295,(0.2022 - 0.1019)
group1_HEDA_breakfast_of_crab,0.8514,81,0.1418,0.2014,0.109,(0.1521 - 0.1019)
group1_HEDA_breakfast_of_crab,0.9032,25,0.1149,0.1635,0.0814,(0.1521 - 0.0515)
group1_HEDA_breakfast_of_crab,0.9588,13,0.0752,0.1054,0.0515,(0.1019 - 0.0515)
group1_HEDA_still-life_01,0.0001,10774,2.2504,2.9922,1.7585,(2.9462 - 1.7352)
group1_HEDA_still-life_01,0.0502,6995,1.6665,1.9951,1.4166,(1.9854 - 1.3851)
group1_HEDA_still-life_01,0.1003,5570,1.3857,1.6539,1.1745,(1.6352 - 1.1348)
group1_HEDA_still-life_01,0.1504,4750,1.1941,1.4435,1.0016,(1.4351 - 0.9847)
group1_HEDA_still-life_01,0.2005,3860,1.0432,1.2414,0.8688,(1.2349 - 0.8345)
group1_HEDA_still-life_01,0.2506,3175,0.9186,1.0763,0.7424,(1.0348 - 0.7344)
group1_HEDA_still-life_01,0.3007,2560,0.812,0.9862,0.6565,(0.9847 - 0.6343)
group1_HEDA_still-life_01,0.3508,2049,0.7208,0.8596,0.5758,(0.8345 - 0.5341)
group1_HEDA_still-life_01,0.4009,1670,0.6379,0.7616,0.4965,(0.7344 - 0.4841)
group1_HEDA_still-life_01,0.4509,1419,0.5637,0.682,0.439,(0.6343 - 0.434)
group1_HEDA_still-life_01,0.501,1222,0.4951,0.5937,0.3818,(0.5842 - 0.3338)
group1_HEDA_still-life_01,0.551,1030,0.4336,0.5312,0.3384,(0.4841 - 0.3338)
group1_HEDA_still-life_01,0.6011,894,0.3772,0.4695,0.2775,(0.434 - 0.2337)
group1_HEDA_still-life_01,0.6511,750,0.3259,0.421,0.2081,(0.3839 - 0.1834)
group1_HEDA_still-life_01,0.7013,603,0.2755,0.3531,0.1795,(0.3338 - 0.1332)
group1_HEDA_still-life_01,0.7514,501,0.2313,0.3038,0.1432,(0.2837 - 0.1332)
group1_HEDA_still-life_01,0.8014,319,0.1863,0.2615,0.1188,(0.2337 - 0.0831)
group1_HEDA_still-life_01,0.8515,185,0.147,0.2101,0.0776,(0.1834 - 0.0299)
group1_HEDA_still-life_01,0.9017,129,0.1076,0.1692,0.0421,(0.1332 - 0.0299)
group1_HEDA_still-life_01,0.9519,45,0.0789,0.1195,0.0299,(0.0831 - 0.0299)
group1_HEDA_still-life_02,0,20120,2.2826,3,1.7358,(3.0 - 1.6905)
group1_HEDA_still-life_02,0.0501,13513,1.6981,2.1242,1.4142,(2.0908 - 1.3903)
group1_HEDA_still-life_02,0.1002,9317,1.4183,1.8065,1.1891,(1.7905 - 1.1402)
group1_HEDA_still-life_02,0.1503,6671,1.2193,1.5524,1.0101,(1.5404 - 0.9902)
group1_HEDA_still-life_02,0.2003,5101,1.0688,1.4273,0.8742,(1.3903 - 0.84)
group1_HEDA_still-life_02,0.2503,4061,0.9464,1.2686,0.745,(1.2403 - 0.7399)
group1_HEDA_still-life_02,0.3004,3265,0.8452,1.1485,0.664,(1.1402 - 0.6398)
group1_HEDA_still-life_02,0.3505,2765,0.754,1.0295,0.5702,(0.9902 - 0.5398)
group1_HEDA_still-life_02,0.4005,2375,0.6735,0.9462,0.4938,(0.9401 - 0.4897)
group1_HEDA_still-life_02,0.4506,2089,0.6001,0.9008,0.4237,(0.89 - 0.3896)
group1_HEDA_still-life_02,0.5006,1790,0.5262,0.7957,0.367,(0.7899 - 0.3395)
group1_HEDA_still-life_02,0.5507,1460,0.4522,0.7171,0.3074,(0.6899 - 0.2894)
group1_HEDA_still-life_02,0.6007,1212,0.3835,0.6379,0.2564,(0.5898 - 0.2393)
group1_HEDA_still-life_02,0.6508,863,0.3156,0.5264,0.2036,(0.4897 - 0.1892)
group1_HEDA_still-life_02,0.701,676,0.2659,0.468,0.1724,(0.4397 - 0.139)
group1_HEDA_still-life_02,0.751,443,0.2201,0.3691,0.1459,(0.3395 - 0.139)
group1_HEDA_still-life_02,0.8011,234,0.1782,0.3046,0.0945,(0.2894 - 0.089)
group1_HEDA_still-life_02,0.8516,96,0.1374,0.2088,0.0724,(0.1892 - 0.0381)
group1_HEDA_still-life_02,0.9018,45,0.0999,0.1676,0.0462,(0.139 - 0.0381)
group1_HEDA_still-life_02,0.9536,7,0.0534,0.0689,0.0381,(0.0381 - 0.0381)
group1_HEDA_still-life_with_ham_bread_and_precious_vessels,0,21924,2.3069,3,1.7585,(2.9689 - 1.7096)
group1_HEDA_still-life_with_ham_bread_and_precious_vessels,0.0501,12854,1.7762,2.1535,1.3913,(2.1099 - 1.3594)
group1_HEDA_still-life_with_ham_bread_and_precious_vessels,0.1002,8817,1.5116,1.8893,1.1794,(1.8597 - 1.1593)
group1_HEDA_still-life_with_ham_bread_and_precious_vessels,0.1503,6980,1.3111,1.7022,1.0028,(1.6596 - 0.9592)
group1_HEDA_still-life_with_ham_bread_and_precious_vessels,0.2003,5933,1.1631,1.585,0.8742,(1.5595 - 0.8591)
group1_HEDA_still-life_with_ham_bread_and_precious_vessels,0.2503,4941,1.0118,1.4413,0.7726,(1.4094 - 0.7589)
group1_HEDA_still-life_with_ham_bread_and_precious_vessels,0.3004,4657,0.9003,1.3232,0.6708,(1.3094 - 0.6588)
group1_HEDA_still-life_with_ham_bread_and_precious_vessels,0.3505,3942,0.786,1.2813,0.5754,(1.2593 - 0.5588)
group1_HEDA_still-life_with_ham_bread_and_precious_vessels,0.4005,3410,0.6811,1.1838,0.5124,(1.1593 - 0.5087)
group1_HEDA_still-life_with_ham_bread_and_precious_vessels,0.4506,2874,0.5812,1.0228,0.446,(1.0092 - 0.4086)
group1_HEDA_still-life_with_ham_bread_and_precious_vessels,0.5006,2501,0.5056,0.9937,0.3808,(0.9592 - 0.3586)
group1_HEDA_still-life_with_ham_bread_and_precious_vessels,0.5507,2342,0.4521,0.9192,0.3274,(0.9092 - 0.3085)
group1_HEDA_still-life_with_ham_bread_and_precious_vessels,0.6007,2125,0.3984,0.9191,0.2792,(0.9092 - 0.2584)
group1_HEDA_still-life_with_ham_bread_and_precious_vessels,0.6508,1728,0.3234,0.8206,0.2213,(0.809 - 0.2083)
group1_HEDA_still-life_with_ham_bread_and_precious_vessels,0.7009,1462,0.2581,0.6619,0.1809,(0.6588 - 0.1582)
group1_HEDA_still-life_with_ham_bread_and_precious_vessels,0.7509,1308,0.2065,0.641,0.1354,(0.6088 - 0.1081)
group1_HEDA_still-life_with_ham_bread_and_precious_vessels,0.8012,1085,0.1583,0.4256,0.1014,(0.4086 - 0.058)
group1_HEDA_still-life_with_ham_bread_and_precious_vessels,0.8513,822,0.1146,0.2492,0.0642,(0.2083 - 0.058)
group1_HEDA_still-life_with_ham_bread_and_precious_vessels,0.9013,573,0.0744,0.197,0.0358,(0.1582 - 0.0079)
group1_HEDA_still-life_with_ham_bread_and_precious_vessels,0.9513,292,0.0402,0.1074,0.0079,(0.058 - 0.0079)
group1_HEDA_still-life_with_pie_silver_ewer_and_crab,0,15371,2.2173,3,1.718,(2.9612 - 1.704)
group1_HEDA_still-life_with_pie_silver_ewer_and_crab,0.0501,9017,1.6263,1.9397,1.3434,(1.9041 - 1.3037)
group1_HEDA_still-life_with_pie_silver_ewer_and_crab,0.1002,5574,1.3361,1.6162,1.1568,(1.6039 - 1.1537)
group1_HEDA_still-life_with_pie_silver_ewer_and_crab,0.1503,4292,1.1427,1.3934,0.9892,(1.3538 - 0.9535)
group1_HEDA_still-life_with_pie_silver_ewer_and_crab,0.2003,3650,0.9961,1.2666,0.8433,(1.2537 - 0.8033)
group1_HEDA_still-life_with_pie_silver_ewer_and_crab,0.2503,3132,0.8758,1.127,0.7447,(1.1036 - 0.7032)
group1_HEDA_still-life_with_pie_silver_ewer_and_crab,0.3004,2772,0.7722,0.9897,0.6498,(0.9535 - 0.6031)
group1_HEDA_still-life_with_pie_silver_ewer_and_crab,0.3505,2462,0.6837,0.9264,0.5673,(0.9035 - 0.553)
group1_HEDA_still-life_with_pie_silver_ewer_and_crab,0.4005,2293,0.606,0.8067,0.4885,(0.8033 - 0.4529)
group1_HEDA_still-life_with_pie_silver_ewer_and_crab,0.4506,2137,0.5377,0.7182,0.4209,(0.7032 - 0.4029)
group1_HEDA_still-life_with_pie_silver_ewer_and_crab,0.5006,1979,0.4756,0.6665,0.3631,(0.6531 - 0.3528)
group1_HEDA_still-life_with_pie_silver_ewer_and_crab,0.5507,1850,0.4222,0.6199,0.3005,(0.6031 - 0.2526)
group1_HEDA_still-life_with_pie_silver_ewer_and_crab,0.6007,1706,0.3707,0.5657,0.2581,(0.553 - 0.2526)
group1_HEDA_still-life_with_pie_silver_ewer_and_crab,0.6508,1474,0.3139,0.5054,0.2123,(0.503 - 0.2025)
group1_HEDA_still-life_with_pie_silver_ewer_and_crab,0.7009,1167,0.2534,0.4341,0.1642,(0.4029 - 0.1524)
group1_HEDA_still-life_with_pie_silver_ewer_and_crab,0.7509,884,0.2041,0.3915,0.1292,(0.3528 - 0.1023)
group1_HEDA_still-life_with_pie_silver_ewer_and_crab,0.801,665,0.1482,0.3063,0.085,(0.3027 - 0.0521)
group1_HEDA_still-life_with_pie_silver_ewer_and_crab,0.8511,461,0.1019,0.2355,0.0364,(0.2025 - 0.002)
group1_HEDA_still-life_with_pie_silver_ewer_and_crab,0.9011,228,0.0615,0.16,0.0199,(0.1524 - 0.002)
group1_HEDA_still-life_with_pie_silver_ewer_and_crab,0.9513,98,0.027,0.0555,0.002,(0.0521 - 0.002)
group1_LINARD_basket_of_flowers,0,32095,2.2471,2.9922,1.7228,(2.9689 - 1.7076)
group1_LINARD_basket_of_flowers,0.0501,25888,1.7156,2.2067,1.3738,(2.1581 - 1.3574)
group1_LINARD_basket_of_flowers,0.1002,22205,1.4409,1.8429,1.1555,(1.8076 - 1.1073)
group1_LINARD_basket_of_flowers,0.1503,17700,1.2397,1.5755,0.9958,(1.5575 - 0.9572)
group1_LINARD_basket_of_flowers,0.2003,14078,1.0792,1.3839,0.8723,(1.3574 - 0.8571)
group1_LINARD_basket_of_flowers,0.2503,10966,0.9424,1.2294,0.7511,(1.2073 - 0.7069)
group1_LINARD_basket_of_flowers,0.3004,9015,0.8288,1.0681,0.6608,(1.0573 - 0.6568)
group1_LINARD_basket_of_flowers,0.3505,8125,0.7321,0.967,0.565,(0.9572 - 0.5568)
group1_LINARD_basket_of_flowers,0.4005,7516,0.649,0.889,0.4888,(0.8571 - 0.4567)
group1_LINARD_basket_of_flowers,0.4506,6879,0.5738,0.8132,0.4288,(0.807 - 0.4066)
group1_LINARD_basket_of_flowers,0.5006,6428,0.5083,0.7503,0.378,(0.7069 - 0.3566)
group1_LINARD_basket_of_flowers,0.5507,5789,0.4478,0.717,0.3124,(0.7069 - 0.3065)
group1_LINARD_basket_of_flowers,0.6007,5310,0.3949,0.6336,0.2649,(0.6068 - 0.2564)
group1_LINARD_basket_of_flowers,0.6508,4734,0.3441,0.5804,0.2191,(0.5568 - 0.2063)
group1_LINARD_basket_of_flowers,0.7009,4131,0.2958,0.521,0.1724,(0.5067 - 0.1562)
group1_LINARD_basket_of_flowers,0.7509,3375,0.2487,0.4526,0.1272,(0.4066 - 0.1061)
group1_LINARD_basket_of_flowers,0.8011,2567,0.1981,0.409,0.0837,(0.4066 - 0.056)
group1_LINARD_basket_of_flowers,0.8512,1818,0.1509,0.3515,0.0587,(0.3065 - 0.056)
group1_LINARD_basket_of_flowers,0.9012,1197,0.1072,0.2953,0.0199,(0.2564 - 0.0059)
group1_LINARD_basket_of_flowers,0.9512,558,0.0713,0.2409,0.0059,(0.2063 - 0.0059)
group1_LINARD_bouquet_on_wooden_box,0,18140,2.2426,3,1.747,(2.9689 - 1.7118)
group1_LINARD_bouquet_on_wooden_box,0.0501,14279,1.6795,2.1062,1.3982,(2.0621 - 1.3617)
group1_LINARD_bouquet_on_wooden_box,0.1002,11249,1.395,1.8074,1.1772,(1.7618 - 1.1616)
group1_LINARD_bouquet_on_wooden_box,0.1503,8340,1.1926,1.4982,1.0095,(1.4617 - 0.9615)
group1_LINARD_bouquet_on_wooden_box,0.2003,6523,1.037,1.3272,0.8857,(1.3116 - 0.8614)
group1_LINARD_bouquet_on_wooden_box,0.2503,5138,0.9084,1.1472,0.7561,(1.1116 - 0.7112)
group1_LINARD_bouquet_on_wooden_box,0.3004,4019,0.7987,1.0366,0.6744,(1.0115 - 0.6611)
group1_LINARD_bouquet_on_wooden_box,0.3505,3317,0.704,0.9002,0.5847,(0.8614 - 0.561)
group1_LINARD_bouquet_on_wooden_box,0.4005,2696,0.6198,0.8249,0.5107,(0.8114 - 0.4609)
group1_LINARD_bouquet_on_wooden_box,0.4506,2190,0.543,0.7475,0.4431,(0.7112 - 0.4108)
group1_LINARD_bouquet_on_wooden_box,0.5006,1798,0.4721,0.6586,0.3836,(0.6111 - 0.3607)
group1_LINARD_bouquet_on_wooden_box,0.5507,1518,0.4081,0.5954,0.3244,(0.561 - 0.3105)
group1_LINARD_bouquet_on_wooden_box,0.6007,1286,0.3496,0.5329,0.2647,(0.5109 - 0.2604)
group1_LINARD_bouquet_on_wooden_box,0.6509,1102,0.295,0.4562,0.2216,(0.4108 - 0.2104)
group1_LINARD_bouquet_on_wooden_box,0.701,974,0.2459,0.3964,0.1831,(0.3607 - 0.1603)
group1_LINARD_bouquet_on_wooden_box,0.751,770,0.1994,0.3284,0.1425,(0.3105 - 0.1102)
group1_LINARD_bouquet_on_wooden_box,0.8011,594,0.1544,0.2702,0.1032,(0.2604 - 0.0601)
group1_LINARD_bouquet_on_wooden_box,0.8512,508,0.1156,0.2563,0.071,(0.2104 - 0.0601)
group1_LINARD_bouquet_on_wooden_box,0.9013,335,0.0816,0.1938,0.0318,(0.1603 - 0.0099)
group1_LINARD_bouquet_on_wooden_box,0.9513,178,0.0467,0.1384,0.0099,(0.1102 - 0.0099)
group1_LINARD_chinese_bowl_with_lowers,0,28305,2.251,3,1.758,(2.9611 - 1.7538)
group1_LINARD_chinese_bowl_with_lowers,0.0501,22326,1.6877,2.1019,1.3956,(2.0541 - 1.3537)
group1_LINARD_chinese_bowl_with_lowers,0.1002,16487,1.3928,1.7907,1.1683,(1.7538 - 1.1536)
group1_LINARD_chinese_bowl_with_lowers,0.1503,12833,1.182,1.5674,1.0007,(1.5537 - 0.9535)
group1_LINARD_chinese_bowl_with_lowers,0.2003,10469,1.0181,1.3244,0.8555,(1.3036 - 0.8534)
group1_LINARD_chinese_bowl_with_lowers,0.2503,8568,0.8865,1.1581,0.7432,(1.1536 - 0.7032)
group1_LINARD_chinese_bowl_with_lowers,0.3004,7001,0.7739,1.0537,0.655,(1.0535 - 0.6531)
group1_LINARD_chinese_bowl_with_lowers,0.3505,5789,0.6762,0.9283,0.5619,(0.9035 - 0.553)
group1_LINARD_chinese_bowl_with_lowers,0.4005,4746,0.5924,0.8347,0.4842,(0.8033 - 0.4529)
group1_LINARD_chinese_bowl_with_lowers,0.4506,3819,0.5137,0.7406,0.4269,(0.7032 - 0.4029)
group1_LINARD_chinese_bowl_with_lowers,0.5006,3210,0.4432,0.6587,0.3582,(0.6531 - 0.3528)
group1_LINARD_chinese_bowl_with_lowers,0.5507,2689,0.3807,0.5808,0.3013,(0.553 - 0.2526)
group1_LINARD_chinese_bowl_with_lowers,0.6007,2273,0.3226,0.5052,0.2513,(0.503 - 0.2025)
group1_LINARD_chinese_bowl_with_lowers,0.6508,1961,0.2703,0.4413,0.201,(0.4029 - 0.1524)
group1_LINARD_chinese_bowl_with_lowers,0.7009,1674,0.22,0.3613,0.1552,(0.3528 - 0.1524)
group1_LINARD_chinese_bowl_with_lowers,0.7509,1450,0.1725,0.3161,0.1082,(0.3027 - 0.1023)
group1_LINARD_chinese_bowl_with_lowers,0.801,1206,0.1308,0.2724,0.0714,(0.2526 - 0.0521)
group1_LINARD_chinese_bowl_with_lowers,0.8511,950,0.0907,0.2036,0.0403,(0.2025 - 0.002)
group1_LINARD_chinese_bowl_with_lowers,0.9011,634,0.0575,0.1661,0.0159,(0.1524 - 0.002)
group1_LINARD_chinese_bowl_with_lowers,0.9513,254,0.027,0.0771,0.002,(0.0521 - 0.002)
group1_LINARD_the_five_senses,0,24943,2.2547,3,1.7277,(2.9611 - 1.7038)
group1_LINARD_the_five_senses,0.0501,16674,1.6708,2.1129,1.3618,(2.1042 - 1.3537)
group1_LINARD_the_five_senses,0.1002,11256,1.3932,1.6869,1.16,(1.6538 - 1.1536)
group1_LINARD_the_five_senses,0.1503,8687,1.1984,1.4658,0.9947,(1.4537 - 0.9535)
group1_LINARD_the_five_senses,0.2003,7179,1.0506,1.3134,0.8685,(1.3036 - 0.8534)
group1_LINARD_the_five_senses,0.2503,6141,0.926,1.1591,0.765,(1.1536 - 0.7534)
group1_LINARD_the_five_senses,0.3004,5434,0.8191,1.0277,0.6697,(1.0035 - 0.6533)
group1_LINARD_the_five_senses,0.3505,4754,0.7265,0.9518,0.5799,(0.9035 - 0.5532)
group1_LINARD_the_five_senses,0.4005,4135,0.6421,0.8387,0.5087,(0.8034 - 0.5032)
group1_LINARD_the_five_senses,0.4506,3460,0.5645,0.7646,0.4389,(0.7534 - 0.403)
group1_LINARD_the_five_senses,0.5006,3173,0.4952,0.6928,0.386,(0.6533 - 0.353)
group1_LINARD_the_five_senses,0.5507,2855,0.4316,0.599,0.3151,(0.5532 - 0.3029)
group1_LINARD_the_five_senses,0.6007,2523,0.3753,0.5379,0.2745,(0.5032 - 0.2528)
group1_LINARD_the_five_senses,0.6508,2239,0.3205,0.473,0.229,(0.4531 - 0.2027)
group1_LINARD_the_five_senses,0.7009,1810,0.2675,0.4144,0.1828,(0.403 - 0.1526)
group1_LINARD_the_five_senses,0.7509,1324,0.2168,0.3506,0.1404,(0.3029 - 0.1026)
group1_LINARD_the_five_senses,0.8011,789,0.1675,0.2963,0.1031,(0.2528 - 0.1026)
group1_LINARD_the_five_senses,0.8512,428,0.1249,0.2268,0.0606,(0.2027 - 0.0523)
group1_LINARD_the_five_senses,0.9015,281,0.0868,0.1584,0.036,(0.1526 - 0.002)
group1_LINARD_the_five_senses,0.9518,121,0.0516,0.1031,0.002,(0.1026 - 0.002)
group1_LINARD_the_five_senses_and_the_four_elements,0,33509,2.2492,3,1.7111,(3.0 - 1.6905)
group1_LINARD_the_five_senses_and_the_four_elements,0.0501,28655,1.7348,2.1869,1.3783,(2.1409 - 1.3403)
group1_LINARD_the_five_senses_and_the_four_elements,0.1002,25350,1.476,1.883,1.156,(1.8405 - 1.1402)
group1_LINARD_the_five_senses_and_the_four_elements,0.1503,20145,1.2814,1.6963,0.9836,(1.6905 - 0.9401)
group1_LINARD_the_five_senses_and_the_four_elements,0.2003,15840,1.129,1.5455,0.8293,(1.5404 - 0.7899)
group1_LINARD_the_five_senses_and_the_four_elements,0.2503,13015,1.0039,1.4198,0.7157,(1.3903 - 0.6899)
group1_LINARD_the_five_senses_and_the_four_elements,0.3004,10580,0.8938,1.3568,0.6256,(1.3403 - 0.5898)
group1_LINARD_the_five_senses_and_the_four_elements,0.3505,8886,0.7988,1.2615,0.5489,(1.2403 - 0.5398)
group1_LINARD_the_five_senses_and_the_four_elements,0.4005,7832,0.7191,1.2041,0.4587,(1.1903 - 0.4397)
group1_LINARD_the_five_senses_and_the_four_elements,0.4506,6945,0.6453,1.148,0.3944,(1.1402 - 0.3896)
group1_LINARD_the_five_senses_and_the_four_elements,0.5006,5739,0.5715,1.0781,0.3405,(1.0402 - 0.3395)
group1_LINARD_the_five_senses_and_the_four_elements,0.5507,4599,0.4981,1.045,0.3019,(1.0402 - 0.2894)
group1_LINARD_the_five_senses_and_the_four_elements,0.6007,3611,0.4147,0.9278,0.2469,(0.89 - 0.2393)
group1_LINARD_the_five_senses_and_the_four_elements,0.6508,3141,0.3498,0.8104,0.2026,(0.7899 - 0.1892)
group1_LINARD_the_five_senses_and_the_four_elements,0.7009,2632,0.2875,0.7313,0.1726,(0.6899 - 0.1391)
group1_LINARD_the_five_senses_and_the_four_elements,0.7509,1876,0.2292,0.611,0.1378,(0.5898 - 0.089)
group1_LINARD_the_five_senses_and_the_four_elements,0.801,729,0.1672,0.3929,0.106,(0.3896 - 0.089)
group1_LINARD_the_five_senses_and_the_four_elements,0.8511,141,0.1196,0.2303,0.0746,(0.1892 - 0.0381)
group1_LINARD_the_five_senses_and_the_four_elements,0.9031,15,0.0868,0.1246,0.0643,(0.089 - 0.0381)
group1_LINARD_the_five_senses_and_the_four_elements,0.9598,1,0.0381,0.0381,0.0381,(0.0381 - 0.0381)
group2_CHARDIN_a_vase_of_flowers,0.0002,16243,2.2042,2.9844,1.7439,(2.9612 - 1.7036)
group2_CHARDIN_a_vase_of_flowers,0.0503,19719,1.6922,2.0762,1.3976,(2.0539 - 1.3534)
group2_CHARDIN_a_vase_of_flowers,0.1004,16481,1.4156,1.7435,1.1872,(1.7036 - 1.1533)
group2_CHARDIN_a_vase_of_flowers,0.1505,11879,1.2111,1.484,1.0077,(1.4534 - 1.0032)
group2_CHARDIN_a_vase_of_flowers,0.2005,9087,1.0577,1.3275,0.8695,(1.3034 - 0.8531)
group2_CHARDIN_a_vase_of_flowers,0.2506,6686,0.93,1.2006,0.7603,(1.1533 - 0.7529)
group2_CHARDIN_a_vase_of_flowers,0.3007,5299,0.8209,1.0677,0.6565,(1.0533 - 0.6528)
group2_CHARDIN_a_vase_of_flowers,0.3508,4258,0.7262,0.9799,0.5841,(0.9532 - 0.5528)
group2_CHARDIN_a_vase_of_flowers,0.4009,3759,0.6394,0.8524,0.494,(0.803 - 0.4527)
group2_CHARDIN_a_vase_of_flowers,0.4509,3422,0.5666,0.7641,0.4335,(0.7529 - 0.4025)
group2_CHARDIN_a_vase_of_flowers,0.501,2995,0.4936,0.6942,0.3732,(0.6528 - 0.3525)
group2_CHARDIN_a_vase_of_flowers,0.551,2594,0.4241,0.6153,0.3098,(0.6028 - 0.3024)
group2_CHARDIN_a_vase_of_flowers,0.6011,2290,0.3604,0.5091,0.2625,(0.5027 - 0.2523)
group2_CHARDIN_a_vase_of_flowers,0.6511,2060,0.3045,0.4549,0.2127,(0.4527 - 0.2023)
group2_CHARDIN_a_vase_of_flowers,0.7012,1918,0.2527,0.3709,0.168,(0.3525 - 0.1523)
group2_CHARDIN_a_vase_of_flowers,0.7513,1696,0.205,0.3185,0.1272,(0.3024 - 0.1022)
group2_CHARDIN_a_vase_of_flowers,0.8013,1570,0.1606,0.2545,0.0871,(0.2523 - 0.0521)
group2_CHARDIN_a_vase_of_flowers,0.8514,1361,0.1146,0.2129,0.0501,(0.2023 - 0.002)
group2_CHARDIN_a_vase_of_flowers,0.9017,903,0.0758,0.1609,0.0179,(0.1523 - 0.002)
group2_CHARDIN_a_vase_of_flowers,0.9517,161,0.0425,0.1003,0.002,(0.0521 - 0.002)
group2_CHARDIN_still-life_with_a_white_mug,0,13561,2.2178,2.9922,1.7818,(2.9844 - 1.7706)
group2_CHARDIN_still-life_with_a_white_mug,0.0501,6369,1.6907,1.9699,1.4185,(1.9209 - 1.37)
group2_CHARDIN_still-life_with_a_white_mug,0.1002,3945,1.3937,1.596,1.2061,(1.5703 - 1.1699)
group2_CHARDIN_still-life_with_a_white_mug,0.1503,2853,1.1867,1.3428,1.0369,(1.32 - 1.0197)
group2_CHARDIN_still-life_with_a_white_mug,0.2003,2414,1.0269,1.1634,0.9026,(1.1198 - 0.8696)
group2_CHARDIN_still-life_with_a_white_mug,0.2503,2022,0.8988,1.0187,0.7899,(0.9697 - 0.7696)
group2_CHARDIN_still-life_with_a_white_mug,0.3004,1531,0.791,0.8981,0.7029,(0.8696 - 0.669)
group2_CHARDIN_still-life_with_a_white_mug,0.3505,1168,0.6976,0.8006,0.625,(0.7696 - 0.619)
group2_CHARDIN_still-life_with_a_white_mug,0.4005,903,0.6144,0.6948,0.5506,(0.669 - 0.5187)
group2_CHARDIN_still-life_with_a_white_mug,0.4506,711,0.5416,0.609,0.4803,(0.569 - 0.4684)
group2_CHARDIN_still-life_with_a_white_mug,0.5006,409,0.4783,0.5383,0.4312,(0.5187 - 0.4181)
group2_CHARDIN_still-life_with_a_white_mug,0.5511,122,0.4231,0.4585,0.3764,(0.4181 - 0.3678)
group2_CHARDIN_still-life_with_a_white_mug,0.6031,17,0.3672,0.395,0.3163,(0.3678 - 0.3163)
group2_CHARDIN_still-life_with_a_white_mug,0.6775,1,0.3197,0.3197,0.3197,(0.3163 - 0.3163)
group2_CHARDIN_the_attributes_of_art,0,26166,2.2623,3,1.7888,(2.9922 - 1.7855)
group2_CHARDIN_the_attributes_of_art,0.0501,19687,1.7898,2.1409,1.4389,(2.1358 - 1.4354)
group2_CHARDIN_the_attributes_of_art,0.1002,11298,1.5132,1.835,1.22,(1.7855 - 1.1852)
group2_CHARDIN_the_attributes_of_art,0.1503,7461,1.3108,1.5891,1.0317,(1.5855 - 0.9851)
group2_CHARDIN_the_attributes_of_art,0.2003,5873,1.1657,1.4646,0.9232,(1.4354 - 0.885)
group2_CHARDIN_the_attributes_of_art,0.2503,4975,1.0415,1.3109,0.8057,(1.2853 - 0.7848)
group2_CHARDIN_the_attributes_of_art,0.3004,3884,0.929,1.2194,0.6958,(1.1852 - 0.6848)
group2_CHARDIN_the_attributes_of_art,0.3505,2846,0.8108,1.1131,0.6125,(1.0852 - 0.5845)
group2_CHARDIN_the_attributes_of_art,0.4005,2453,0.7128,0.961,0.5437,(0.935 - 0.5345)
group2_CHARDIN_the_attributes_of_art,0.4506,2236,0.6285,0.8891,0.4738,(0.885 - 0.4343)
group2_CHARDIN_the_attributes_of_art,0.5006,1987,0.5503,0.7746,0.4105,(0.7348 - 0.3843)
group2_CHARDIN_the_attributes_of_art,0.5507,1838,0.4777,0.658,0.3569,(0.6346 - 0.3342)
group2_CHARDIN_the_attributes_of_art,0.6007,1700,0.409,0.5553,0.3033,(0.5345 - 0.2841)
group2_CHARDIN_the_attributes_of_art,0.6508,1435,0.3457,0.4692,0.2584,(0.4343 - 0.234)
group2_CHARDIN_the_attributes_of_art,0.7009,900,0.2814,0.3774,0.2023,(0.3342 - 0.1839)
group2_CHARDIN_the_attributes_of_art,0.7512,259,0.2333,0.2839,0.1626,(0.234 - 0.1308)
group2_CHARDIN_the_attributes_of_art,0.8024,15,0.1962,0.2351,0.1466,(0.234 - 0.1308)
group2_CHARDIN_the_attributes_of_art,0.86,1,0.1308,0.1308,0.1308,(0.1308 - 0.1308)
group2_CHARDIN_the_buffet,0,14840,2.2494,3,1.7606,(2.9611 - 1.7559)
group2_CHARDIN_the_buffet,0.0501,9220,1.6943,2.0194,1.4307,(2.0062 - 1.4056)
group2_CHARDIN_the_buffet,0.1002,5126,1.4058,1.6785,1.196,(1.6557 - 1.1554)
group2_CHARDIN_the_buffet,0.1503,3663,1.2086,1.4445,1.0338,(1.4056 - 1.0053)
group2_CHARDIN_the_buffet,0.2003,2839,1.0574,1.289,0.8867,(1.2555 - 0.8551)
group2_CHARDIN_the_buffet,0.2503,2361,0.9311,1.1825,0.7903,(1.1554 - 0.7549)
group2_CHARDIN_the_buffet,0.3004,1854,0.8261,1.0303,0.6871,(1.0053 - 0.6548)
group2_CHARDIN_the_buffet,0.3505,1582,0.7343,0.9111,0.6029,(0.9053 - 0.5548)
group2_CHARDIN_the_buffet,0.4005,1223,0.651,0.8547,0.5281,(0.805 - 0.5047)
group2_CHARDIN_the_buffet,0.4506,1044,0.5791,0.7969,0.4836,(0.7549 - 0.4547)
group2_CHARDIN_the_buffet,0.5006,888,0.5074,0.6579,0.4156,(0.6548 - 0.4046)
group2_CHARDIN_the_buffet,0.5508,627,0.4413,0.5434,0.362,(0.5047 - 0.3545)
group2_CHARDIN_the_buffet,0.601,350,0.3776,0.4702,0.3161,(0.4547 - 0.3039)
group2_CHARDIN_the_buffet,0.651,148,0.321,0.3848,0.2676,(0.3545 - 0.2537)
group2_CHARDIN_the_buffet,0.7013,41,0.268,0.3423,0.2255,(0.3039 - 0.2022)
group2_CHARDIN_the_buffet,0.7543,7,0.214,0.2325,0.1887,(0.2022 - 0.1394)
group2_CHARDIN_the_buffet,0.8363,2,0.1394,0.1394,0.1394,(0.1394 - 0.1394)
group2_CHARDIN_the_ray,0,13431,2.1785,2.9922,1.7537,(2.9844 - 1.7217)
group2_CHARDIN_the_ray,0.0501,11671,1.6697,2.034,1.4183,(2.0221 - 1.3715)
group2_CHARDIN_the_ray,0.1002,9458,1.4,1.7366,1.1883,(1.7217 - 1.1714)
group2_CHARDIN_the_ray,0.1503,7386,1.2051,1.4388,1.0264,(1.4215 - 1.0213)
group2_CHARDIN_the_ray,0.2003,5795,1.0436,1.246,0.8965,(1.2214 - 0.8712)
group2_CHARDIN_the_ray,0.2503,4796,0.9106,1.0725,0.7814,(1.0714 - 0.771)
group2_CHARDIN_the_ray,0.3004,4049,0.7974,0.944,0.6865,(0.9212 - 0.6709)
group2_CHARDIN_the_ray,0.3505,3381,0.6966,0.8116,0.5949,(0.771 - 0.5708)
group2_CHARDIN_the_ray,0.4005,2746,0.6096,0.7218,0.515,(0.721 - 0.4706)
group2_CHARDIN_the_ray,0.4506,2326,0.5312,0.6289,0.4489,(0.6208 - 0.4206)
group2_CHARDIN_the_ray,0.5006,1959,0.4617,0.5559,0.3856,(0.5207 - 0.3705)
group2_CHARDIN_the_ray,0.5507,1647,0.3978,0.4842,0.3267,(0.4706 - 0.3204)
group2_CHARDIN_the_ray,0.6007,1398,0.3398,0.4121,0.2751,(0.3705 - 0.2704)
group2_CHARDIN_the_ray,0.6508,1217,0.2855,0.352,0.2284,(0.3204 - 0.2202)
group2_CHARDIN_the_ray,0.7009,1070,0.2374,0.3123,0.1824,(0.2704 - 0.1702)
group2_CHARDIN_the_ray,0.7509,952,0.1913,0.2531,0.1401,(0.2202 - 0.1201)
group2_CHARDIN_the_ray,0.8012,784,0.15,0.2138,0.1042,(0.1702 - 0.07)
group2_CHARDIN_the_ray,0.8513,564,0.1102,0.16,0.0707,(0.1201 - 0.07)
group2_CHARDIN_the_ray,0.9013,352,0.0754,0.1115,0.0399,(0.07 - 0.0199)
group2_CHARDIN_the_ray,0.9513,143,0.046,0.0749,0.0199,(0.07 - 0.0199)
group2_RUYSCH_bouquet_in_a_glass_vase,0,31588,2.274,3,1.7719,(2.9611 - 1.7518)
group2_RUYSCH_bouquet_in_a_glass_vase,0.0501,26296,1.7563,2.2458,1.4046,(2.2025 - 1.4017)
group2_RUYSCH_bouquet_in_a_glass_vase,0.1002,18400,1.4914,1.999,1.1715,(1.952 - 1.1516)
group2_RUYSCH_bouquet_in_a_glass_vase,0.1503,11996,1.2952,1.7126,1.0096,(1.7018 - 1.0015)
group2_RUYSCH_bouquet_in_a_glass_vase,0.2003,8768,1.1265,1.4656,0.8794,(1.4517 - 0.8514)
group2_RUYSCH_bouquet_in_a_glass_vase,0.2503,7218,0.9933,1.265,0.7631,(1.2516 - 0.7514)
group2_RUYSCH_bouquet_in_a_glass_vase,0.3004,5570,0.8756,1.1254,0.6781,(1.1016 - 0.6513)
group2_RUYSCH_bouquet_in_a_glass_vase,0.3505,4159,0.7731,1.0128,0.5997,(1.0015 - 0.5512)
group2_RUYSCH_bouquet_in_a_glass_vase,0.4005,3092,0.6791,0.8893,0.5074,(0.8514 - 0.5012)
group2_RUYSCH_bouquet_in_a_glass_vase,0.4506,2486,0.5965,0.8166,0.4298,(0.8014 - 0.401)
group2_RUYSCH_bouquet_in_a_glass_vase,0.5006,2161,0.5179,0.7119,0.3834,(0.7013 - 0.351)
group2_RUYSCH_bouquet_in_a_glass_vase,0.5507,1981,0.4505,0.6426,0.3244,(0.6013 - 0.3009)
group2_RUYSCH_bouquet_in_a_glass_vase,0.6007,1880,0.3836,0.5799,0.2858,(0.5512 - 0.2508)
group2_RUYSCH_bouquet_in_a_glass_vase,0.6508,1640,0.3241,0.5133,0.2278,(0.5012 - 0.2006)
group2_RUYSCH_bouquet_in_a_glass_vase,0.7009,1412,0.2684,0.4076,0.181,(0.401 - 0.1504)
group2_RUYSCH_bouquet_in_a_glass_vase,0.7509,1227,0.2146,0.3746,0.1317,(0.351 - 0.1002)
group2_RUYSCH_bouquet_in_a_glass_vase,0.8011,1071,0.1677,0.3148,0.0938,(0.3009 - 0.0501)
group2_RUYSCH_bouquet_in_a_glass_vase,0.8512,910,0.121,0.2772,0.0561,(0.2508 - 0.0501)
group2_RUYSCH_bouquet_in_a_glass_vase,0.9012,803,0.075,0.236,0.0219,(0.2006 - 0.0)
group2_RUYSCH_bouquet_in_a_glass_vase,0.9512,477,0.0421,0.1825,0,(0.1504 - 0.0)
group2_RUYSCH_bouquet_of_flowers_in_a_vase,0,38012,2.2834,3,1.7502,(2.9689 - 1.7096)
group2_RUYSCH_bouquet_of_flowers_in_a_vase,0.0501,25049,1.79,2.3066,1.3926,(2.2602 - 1.3594)
group2_RUYSCH_bouquet_of_flowers_in_a_vase,0.1002,17929,1.527,2.0956,1.1557,(2.0598 - 1.1093)
group2_RUYSCH_bouquet_of_flowers_in_a_vase,0.1503,12512,1.2784,1.9887,0.9993,(1.9597 - 0.9592)
group2_RUYSCH_bouquet_of_flowers_in_a_vase,0.2003,9706,1.0792,1.6849,0.8613,(1.6596 - 0.8591)
group2_RUYSCH_bouquet_of_flowers_in_a_vase,0.2503,8269,0.9454,1.5111,0.7395,(1.5094 - 0.7089)
group2_RUYSCH_bouquet_of_flowers_in_a_vase,0.3004,6931,0.831,1.4252,0.6416,(1.4094 - 0.6088)
group2_RUYSCH_bouquet_of_flowers_in_a_vase,0.3505,5789,0.7251,1.2989,0.5555,(1.2593 - 0.5087)
group2_RUYSCH_bouquet_of_flowers_in_a_vase,0.4005,4923,0.6312,1.1959,0.479,(1.1593 - 0.4587)
group2_RUYSCH_bouquet_of_flowers_in_a_vase,0.4506,4266,0.5485,1.016,0.4103,(1.0092 - 0.4086)
group2_RUYSCH_bouquet_of_flowers_in_a_vase,0.5006,3678,0.4787,0.9711,0.3466,(0.9592 - 0.3085)
group2_RUYSCH_bouquet_of_flowers_in_a_vase,0.5507,2959,0.4125,0.9013,0.2817,(0.8591 - 0.2584)
group2_RUYSCH_bouquet_of_flowers_in_a_vase,0.6007,2286,0.3522,0.6094,0.2365,(0.6088 - 0.2083)
group2_RUYSCH_bouquet_of_flowers_in_a_vase,0.6508,1768,0.2988,0.5424,0.1869,(0.5087 - 0.1583)
group2_RUYSCH_bouquet_of_flowers_in_a_vase,0.7009,1345,0.2472,0.4715,0.1589,(0.4587 - 0.1583)
group2_RUYSCH_bouquet_of_flowers_in_a_vase,0.7509,1119,0.1987,0.3933,0.127,(0.3586 - 0.1081)
group2_RUYSCH_bouquet_of_flowers_in_a_vase,0.801,938,0.1492,0.3106,0.0789,(0.3085 - 0.058)
group2_RUYSCH_bouquet_of_flowers_in_a_vase,0.8511,708,0.1114,0.2525,0.0544,(0.2083 - 0.0079)
group2_RUYSCH_bouquet_of_flowers_in_a_vase,0.9012,323,0.0792,0.1992,0.0219,(0.1583 - 0.0079)
group2_RUYSCH_bouquet_of_flowers_in_a_vase,0.9513,109,0.0426,0.1333,0.0079,(0.1081 - 0.0079)
group2_RUYSCH_flowers_fruit_and_insects,0,25336,2.2462,3,1.7193,(2.9766 - 1.7167)
group2_RUYSCH_flowers_fruit_and_insects,0.0501,21698,1.7556,2.1776,1.4074,(2.1672 - 1.3665)
group2_RUYSCH_flowers_fruit_and_insects,0.1002,15524,1.517,1.8684,1.1775,(1.8667 - 1.1664)
group2_RUYSCH_flowers_fruit_and_insects,0.1503,11536,1.35,1.7458,0.9864,(1.7167 - 0.9663)
group2_RUYSCH_flowers_fruit_and_insects,0.2003,9600,1.2186,1.6009,0.847,(1.5666 - 0.8161)
group2_RUYSCH_flowers_fruit_and_insects,0.2503,6644,1.085,1.4761,0.7314,(1.4666 - 0.7158)
group2_RUYSCH_flowers_fruit_and_insects,0.3004,4139,0.9543,1.3318,0.656,(1.3165 - 0.6156)
group2_RUYSCH_flowers_fruit_and_insects,0.3505,2894,0.8439,1.1705,0.5943,(1.1664 - 0.5656)
group2_RUYSCH_flowers_fruit_and_insects,0.4005,1943,0.7401,1.0595,0.5143,(1.0164 - 0.4655)
group2_RUYSCH_flowers_fruit_and_insects,0.4506,1474,0.6437,0.9811,0.4533,(0.9663 - 0.4153)
group2_RUYSCH_flowers_fruit_and_insects,0.5006,1243,0.564,0.7887,0.3925,(0.7658 - 0.3652)
group2_RUYSCH_flowers_fruit_and_insects,0.5508,1001,0.4933,0.7151,0.3432,(0.6658 - 0.3152)
group2_RUYSCH_flowers_fruit_and_insects,0.6008,834,0.4246,0.5715,0.2857,(0.5656 - 0.2651)
group2_RUYSCH_flowers_fruit_and_insects,0.6508,692,0.3589,0.4899,0.2362,(0.4655 - 0.2149)
group2_RUYSCH_flowers_fruit_and_insects,0.7009,421,0.2943,0.4218,0.2169,(0.4153 - 0.2149)
group2_RUYSCH_flowers_fruit_and_insects,0.7509,76,0.2436,0.3326,0.184,(0.3152 - 0.1629)
group2_RUYSCH_flowers_fruit_and_insects,0.8022,13,0.1902,0.2168,0.1629,(0.2149 - 0.1629)
group2_RUYSCH_flowers_on_a_tree_trunk,0,15947,2.238,3,1.7527,(2.9612 - 1.7518)
group2_RUYSCH_flowers_on_a_tree_trunk,0.0501,13395,1.6775,2.1665,1.4025,(2.1524 - 1.4017)
group2_RUYSCH_flowers_on_a_tree_trunk,0.1002,11674,1.4007,1.7346,1.1977,(1.7018 - 1.1516)
group2_RUYSCH_flowers_on_a_tree_trunk,0.1503,9352,1.2045,1.446,1.023,(1.4017 - 1.0015)
group2_RUYSCH_flowers_on_a_tree_trunk,0.2003,7703,1.0513,1.2984,0.8918,(1.2516 - 0.8514)
group2_RUYSCH_flowers_on_a_tree_trunk,0.2503,6328,0.9242,1.1097,0.7632,(1.1016 - 0.7514)
group2_RUYSCH_flowers_on_a_tree_trunk,0.3004,4640,0.8116,0.9695,0.649,(0.9515 - 0.6013)
group2_RUYSCH_flowers_on_a_tree_trunk,0.3505,3216,0.7088,0.8576,0.5899,(0.8514 - 0.5512)
group2_RUYSCH_flowers_on_a_tree_trunk,0.4005,2585,0.6211,0.78,0.516,(0.7514 - 0.5012)
group2_RUYSCH_flowers_on_a_tree_trunk,0.4506,2199,0.5457,0.69,0.4266,(0.6513 - 0.401)
group2_RUYSCH_flowers_on_a_tree_trunk,0.5006,1779,0.4757,0.6023,0.3826,(0.6013 - 0.351)
group2_RUYSCH_flowers_on_a_tree_trunk,0.5507,1497,0.4084,0.5394,0.3215,(0.5012 - 0.3009)
group2_RUYSCH_flowers_on_a_tree_trunk,0.6007,1225,0.3509,0.4919,0.2786,(0.4511 - 0.2508)
group2_RUYSCH_flowers_on_a_tree_trunk,0.6508,1113,0.2933,0.427,0.2115,(0.401 - 0.2003)
group2_RUYSCH_flowers_on_a_tree_trunk,0.7009,1004,0.2406,0.3574,0.1799,(0.351 - 0.1503)
group2_RUYSCH_flowers_on_a_tree_trunk,0.7509,820,0.1909,0.3113,0.1339,(0.3009 - 0.1002)
group2_RUYSCH_flowers_on_a_tree_trunk,0.8011,679,0.1466,0.2494,0.0984,(0.2003 - 0.0501)
group2_RUYSCH_flowers_on_a_tree_trunk,0.8512,571,0.1056,0.2054,0.0425,(0.2003 - 0.0)
group2_RUYSCH_flowers_on_a_tree_trunk,0.9012,459,0.0669,0.1686,0.0258,(0.1503 - 0.0)
group2_RUYSCH_flowers_on_a_tree_trunk,0.9512,272,0.0342,0.1087,0,(0.1002 - 0.0)
group2_RUYSCH_still-life,0.0002,17289,2.2239,2.9922,1.7624,(2.9613 - 1.7449)
group2_RUYSCH_still-life,0.0503,15681,1.8149,2.1535,1.432,(2.1453 - 1.3947)
group2_RUYSCH_still-life,0.1004,9311,1.5434,1.8978,1.2271,(1.8949 - 1.1946)
group2_RUYSCH_still-life,0.1505,5623,1.332,1.7283,1.0474,(1.6948 - 1.0446)
group2_RUYSCH_still-life,0.2005,4169,1.1651,1.5857,0.9113,(1.5448 - 0.8944)
group2_RUYSCH_still-life,0.2506,3238,1.024,1.4878,0.7936,(1.4447 - 0.7442)
group2_RUYSCH_still-life,0.3007,2297,0.8826,1.349,0.6979,(1.3447 - 0.6941)
group2_RUYSCH_still-life,0.3508,1864,0.7665,1.1544,0.6207,(1.1446 - 0.594)
group2_RUYSCH_still-life,0.4009,1733,0.6835,1.0087,0.5334,(0.9945 - 0.4936)
group2_RUYSCH_still-life,0.4509,1554,0.6086,0.8926,0.4701,(0.8443 - 0.4435)
group2_RUYSCH_still-life,0.501,1284,0.5323,0.8242,0.4143,(0.7942 - 0.3934)
group2_RUYSCH_still-life,0.551,1093,0.4638,0.7154,0.3487,(0.6941 - 0.3434)
group2_RUYSCH_still-life,0.6011,1008,0.3988,0.682,0.3072,(0.644 - 0.2933)
group2_RUYSCH_still-life,0.6511,906,0.3403,0.5843,0.2559,(0.5439 - 0.2433)
group2_RUYSCH_still-life,0.7012,790,0.2813,0.5002,0.213,(0.4936 - 0.1932)
group2_RUYSCH_still-life,0.7513,654,0.2265,0.3803,0.1547,(0.3434 - 0.1431)
group2_RUYSCH_still-life,0.8013,413,0.1801,0.3119,0.1276,(0.2933 - 0.093)
group2_RUYSCH_still-life,0.8514,185,0.1362,0.2268,0.0965,(0.1932 - 0.093)
group2_RUYSCH_still-life,0.9016,65,0.096,0.1705,0.065,(0.1431 - 0.0429)
group2_RUYSCH_still-life,0.9518,8,0.0599,0.0799,0.0429,(0.0429 - 0.0429)
group2_VERBRUGGEN_cartouche_with_flowers,0.0007,16257,2.1753,2.9173,1.704,(2.9173 - 1.7038)
group2_VERBRUGGEN_cartouche_with_flowers,0.0508,13057,1.6329,1.9872,1.3432,(1.954 - 1.3036)
group2_VERBRUGGEN_cartouche_with_flowers,0.1009,11581,1.3607,1.6554,1.1004,(1.6538 - 1.0535)
group2_VERBRUGGEN_cartouche_with_flowers,0.151,9780,1.1666,1.4229,0.924,(1.4037 - 0.9035)
group2_VERBRUGGEN_cartouche_with_flowers,0.201,8194,1.0109,1.2535,0.8126,(1.2036 - 0.8033)
group2_VERBRUGGEN_cartouche_with_flowers,0.2511,6728,0.8804,1.0847,0.7054,(1.0535 - 0.7032)
group2_VERBRUGGEN_cartouche_with_flowers,0.3012,5430,0.7676,0.9692,0.6228,(0.9535 - 0.6031)
group2_VERBRUGGEN_cartouche_with_flowers,0.3513,4659,0.6717,0.8433,0.5356,(0.8033 - 0.503)
group2_VERBRUGGEN_cartouche_with_flowers,0.4014,4052,0.5879,0.7529,0.4669,(0.7032 - 0.4529)
group2_VERBRUGGEN_cartouche_with_flowers,0.4514,3719,0.5141,0.6957,0.3944,(0.6531 - 0.3528)
group2_VERBRUGGEN_cartouche_with_flowers,0.5015,3377,0.4467,0.5789,0.3466,(0.553 - 0.3027)
group2_VERBRUGGEN_cartouche_with_flowers,0.5515,3054,0.3861,0.5075,0.2922,(0.503 - 0.2526)
group2_VERBRUGGEN_cartouche_with_flowers,0.6015,2844,0.3305,0.4383,0.247,(0.4029 - 0.2025)
group2_VERBRUGGEN_cartouche_with_flowers,0.6516,2511,0.2796,0.3842,0.1999,(0.3528 - 0.1524)
group2_VERBRUGGEN_cartouche_with_flowers,0.7016,2193,0.2321,0.3329,0.1538,(0.3027 - 0.1524)
group2_VERBRUGGEN_cartouche_with_flowers,0.7516,1853,0.1885,0.2859,0.1099,(0.2526 - 0.1023)
group2_VERBRUGGEN_cartouche_with_flowers,0.8017,1420,0.146,0.2388,0.0794,(0.2025 - 0.0521)
group2_VERBRUGGEN_cartouche_with_flowers,0.8517,1026,0.1059,0.1841,0.0443,(0.1524 - 0.002)
group2_VERBRUGGEN_cartouche_with_flowers,0.9018,723,0.0687,0.1589,0.0159,(0.1524 - 0.002)
group2_VERBRUGGEN_cartouche_with_flowers,0.9523,354,0.0386,0.096,0.002,(0.0521 - 0.002)
group2_VERBRUGGEN_flower_piece,0,32784,2.2593,3,1.6989,(2.9611 - 1.6516)
group2_VERBRUGGEN_flower_piece,0.0501,24099,1.7001,2.1415,1.3748,(2.1019 - 1.3514)
group2_VERBRUGGEN_flower_piece,0.1002,17813,1.4117,1.8065,1.1641,(1.8016 - 1.1513)
group2_VERBRUGGEN_flower_piece,0.1503,12893,1.2049,1.5495,0.9951,(1.5014 - 0.9512)
group2_VERBRUGGEN_flower_piece,0.2003,10727,1.0514,1.3362,0.8483,(1.3014 - 0.801)
group2_VERBRUGGEN_flower_piece,0.2503,9117,0.9244,1.2412,0.7296,(1.2013 - 0.7009)
group2_VERBRUGGEN_flower_piece,0.3004,7869,0.8164,1.1268,0.6388,(1.1013 - 0.6007)
group2_VERBRUGGEN_flower_piece,0.3505,7071,0.7227,1.0053,0.5487,(1.0012 - 0.5006)
group2_VERBRUGGEN_flower_piece,0.4005,6441,0.6379,0.8845,0.4753,(0.8511 - 0.4506)
group2_VERBRUGGEN_flower_piece,0.4506,5746,0.5624,0.8085,0.414,(0.801 - 0.4005)
group2_VERBRUGGEN_flower_piece,0.5006,5230,0.4915,0.7461,0.3495,(0.7009 - 0.3004)
group2_VERBRUGGEN_flower_piece,0.5507,4673,0.4278,0.6458,0.2923,(0.6007 - 0.2503)
group2_VERBRUGGEN_flower_piece,0.6007,4293,0.3693,0.6144,0.2427,(0.6007 - 0.2003)
group2_VERBRUGGEN_flower_piece,0.6508,3770,0.3179,0.504,0.2008,(0.5006 - 0.2003)
group2_VERBRUGGEN_flower_piece,0.7009,3423,0.2684,0.4604,0.1565,(0.4506 - 0.1503)
group2_VERBRUGGEN_flower_piece,0.7509,2923,0.2214,0.4132,0.1186,(0.4005 - 0.1002)
group2_VERBRUGGEN_flower_piece,0.801,2342,0.171,0.3642,0.069,(0.3505 - 0.0501)
group2_VERBRUGGEN_flower_piece,0.8511,1672,0.1254,0.3447,0.0383,(0.3004 - 0.0)
group2_VERBRUGGEN_flower_piece,0.9011,1151,0.0829,0.2538,0.0179,(0.2503 - 0.0)
group2_VERBRUGGEN_flower_piece,0.9512,573,0.046,0.1637,0,(0.1503 - 0.0)
group2_VERBRUGGEN_garland_of_flowers,0,24710,2.2865,3,1.7336,(2.9611 - 1.704)
group2_VERBRUGGEN_garland_of_flowers,0.0501,15609,1.7238,2.1131,1.4045,(2.1042 - 1.4037)
group2_VERBRUGGEN_garland_of_flowers,0.1002,9220,1.4251,1.7504,1.1785,(1.704 - 1.1536)
group2_VERBRUGGEN_garland_of_flowers,0.1503,6047,1.2164,1.5202,0.989,(1.5037 - 0.9535)
group2_VERBRUGGEN_garland_of_flowers,0.2003,4483,1.0521,1.3989,0.8794,(1.3537 - 0.8534)
group2_VERBRUGGEN_garland_of_flowers,0.2503,3580,0.9173,1.2248,0.7688,(1.2036 - 0.7533)
group2_VERBRUGGEN_garland_of_flowers,0.3004,3008,0.8062,1.0838,0.6401,(1.0535 - 0.6032)
group2_VERBRUGGEN_garland_of_flowers,0.3505,2654,0.712,0.9779,0.5734,(0.9535 - 0.553)
group2_VERBRUGGEN_garland_of_flowers,0.4005,2400,0.6292,0.8594,0.4954,(0.8534 - 0.4529)
group2_VERBRUGGEN_garland_of_flowers,0.4506,2110,0.5519,0.7648,0.4389,(0.7533 - 0.4029)
group2_VERBRUGGEN_garland_of_flowers,0.5006,1822,0.4798,0.6504,0.3804,(0.6032 - 0.3528)
group2_VERBRUGGEN_garland_of_flowers,0.5507,1602,0.4155,0.6109,0.3116,(0.6032 - 0.3027)
group2_VERBRUGGEN_garland_of_flowers,0.6007,1406,0.3569,0.5167,0.2647,(0.503 - 0.2526)
group2_VERBRUGGEN_garland_of_flowers,0.6508,1259,0.3004,0.4426,0.1984,(0.4029 - 0.1524)
group2_VERBRUGGEN_garland_of_flowers,0.7009,1061,0.249,0.3814,0.1621,(0.3528 - 0.1524)
group2_VERBRUGGEN_garland_of_flowers,0.7509,922,0.2018,0.3564,0.1256,(0.3528 - 0.1023)
group2_VERBRUGGEN_garland_of_flowers,0.8011,825,0.1584,0.2882,0.0966,(0.2526 - 0.0522)
group2_VERBRUGGEN_garland_of_flowers,0.8512,664,0.1163,0.215,0.0606,(0.2025 - 0.0522)
group2_VERBRUGGEN_garland_of_flowers,0.9012,496,0.0792,0.1512,0.0199,(0.1023 - 0.002)
group2_VERBRUGGEN_garland_of_flowers,0.9512,309,0.0451,0.117,0.002,(0.1023 - 0.002)
group2_VERBRUGGEN_still-life,0.0012,28106,2.1893,2.9385,1.7122,(2.9385 - 1.6754)
group2_VERBRUGGEN_still-life,0.0513,30508,1.7519,2.1393,1.4007,(2.1257 - 1.3752)
group2_VERBRUGGEN_still-life,0.1014,22062,1.4827,1.8757,1.1592,(1.8755 - 1.1251)
group2_VERBRUGGEN_still-life,0.1515,13924,1.2601,1.6619,1.0066,(1.6254 - 0.975)
group2_VERBRUGGEN_still-life,0.2015,10564,1.0883,1.4625,0.8646,(1.4252 - 0.8248)
group2_VERBRUGGEN_still-life,0.2516,8246,0.9484,1.3058,0.7663,(1.2752 - 0.7246)
group2_VERBRUGGEN_still-life,0.3017,6603,0.8318,1.1443,0.6506,(1.1251 - 0.6245)
group2_VERBRUGGEN_still-life,0.3518,5381,0.7348,1.0315,0.565,(1.0251 - 0.5244)
group2_VERBRUGGEN_still-life,0.4019,4256,0.6476,0.884,0.4991,(0.8748 - 0.4743)
group2_VERBRUGGEN_still-life,0.4519,3301,0.5695,0.7911,0.4428,(0.7747 - 0.4242)
group2_VERBRUGGEN_still-life,0.502,2520,0.4931,0.7044,0.3855,(0.6746 - 0.3742)
group2_VERBRUGGEN_still-life,0.552,1841,0.4238,0.6276,0.331,(0.6245 - 0.3241)
group2_VERBRUGGEN_still-life,0.6021,1365,0.3618,0.5431,0.2786,(0.5244 - 0.274)
group2_VERBRUGGEN_still-life,0.6521,909,0.303,0.4486,0.2415,(0.4242 - 0.224)
group2_VERBRUGGEN_still-life,0.7022,557,0.2536,0.3878,0.1899,(0.3742 - 0.174)
group2_VERBRUGGEN_still-life,0.7524,255,0.2097,0.3215,0.1577,(0.274 - 0.1221)
group2_VERBRUGGEN_still-life,0.8025,76,0.17,0.2133,0.1269,(0.174 - 0.1221)
group2_VERBRUGGEN_still-life,0.8536,22,0.1274,0.1453,0.1027,(0.1221 - 0.072)
group2_VERBRUGGEN_still-life,0.9111,2,0.087,0.1019,0.072,(0.072 - 0.072)
group2_VERBRUGGEN_still-life_of_flowers_in_a_stone_urn_with_a_parrot,0,27562,2.1681,2.9844,1.759,(2.9459 - 1.7371)
group2_VERBRUGGEN_still-life_of_flowers_in_a_stone_urn_with_a_parrot,0.0501,28265,1.7139,2.1065,1.3996,(2.0874 - 1.387)
group2_VERBRUGGEN_still-life_of_flowers_in_a_stone_urn_with_a_parrot,0.1002,17093,1.4312,1.8247,1.1599,(1.7872 - 1.1368)
group2_VERBRUGGEN_still-life_of_flowers_in_a_stone_urn_with_a_parrot,0.1503,10217,1.2001,1.6292,0.9951,(1.5871 - 0.9867)
group2_VERBRUGGEN_still-life_of_flowers_in_a_stone_urn_with_a_parrot,0.2003,7154,1.0217,1.3718,0.8558,(1.337 - 0.8365)
group2_VERBRUGGEN_still-life_of_flowers_in_a_stone_urn_with_a_parrot,0.2503,5563,0.8857,1.1659,0.7432,(1.1368 - 0.7364)
group2_VERBRUGGEN_still-life_of_flowers_in_a_stone_urn_with_a_parrot,0.3004,4646,0.7783,1.0106,0.6663,(0.9867 - 0.6364)
group2_VERBRUGGEN_still-life_of_flowers_in_a_stone_urn_with_a_parrot,0.3505,3948,0.6865,0.8756,0.5758,(0.8365 - 0.5363)
group2_VERBRUGGEN_still-life_of_flowers_in_a_stone_urn_with_a_parrot,0.4005,3369,0.6052,0.81,0.5043,(0.7865 - 0.4862)
group2_VERBRUGGEN_still-life_of_flowers_in_a_stone_urn_with_a_parrot,0.4506,2976,0.5331,0.7023,0.4404,(0.6864 - 0.4362)
group2_VERBRUGGEN_still-life_of_flowers_in_a_stone_urn_with_a_parrot,0.5006,2519,0.4683,0.6527,0.3816,(0.6364 - 0.336)
group2_VERBRUGGEN_still-life_of_flowers_in_a_stone_urn_with_a_parrot,0.5507,2127,0.4075,0.561,0.3251,(0.5363 - 0.286)
group2_VERBRUGGEN_still-life_of_flowers_in_a_stone_urn_with_a_parrot,0.6007,1703,0.3528,0.5186,0.276,(0.4862 - 0.2359)
group2_VERBRUGGEN_still-life_of_flowers_in_a_stone_urn_with_a_parrot,0.6508,1286,0.3023,0.4518,0.2289,(0.4362 - 0.1858)
group2_VERBRUGGEN_still-life_of_flowers_in_a_stone_urn_with_a_parrot,0.7009,829,0.2537,0.3822,0.1957,(0.336 - 0.1858)
group2_VERBRUGGEN_still-life_of_flowers_in_a_stone_urn_with_a_parrot,0.751,423,0.2084,0.2757,0.1541,(0.2359 - 0.1356)
group2_VERBRUGGEN_still-life_of_flowers_in_a_stone_urn_with_a_parrot,0.8016,177,0.1648,0.2351,0.1269,(0.1858 - 0.0851)
group2_VERBRUGGEN_still-life_of_flowers_in_a_stone_urn_with_a_parrot,0.8517,68,0.1207,0.1599,0.0769,(0.1356 - 0.0342)
group2_VERBRUGGEN_still-life_of_flowers_in_a_stone_urn_with_a_parrot,0.9022,16,0.0837,0.1115,0.0524,(0.0851 - 0.0342)
group2_VERBRUGGEN_still-life_of_flowers_in_a_stone_urn_with_a_parrot,0.9523,7,0.0494,0.0658,0.0342,(0.0342 - 0.0342)
group3_GOGH_a_pair_of_leather_clogs,0,7158,2.2549,3,1.7622,(2.9844 - 1.7222)
group3_GOGH_a_pair_of_leather_clogs,0.0501,5238,1.6323,1.9236,1.4031,(1.9224 - 1.3717)
group3_GOGH_a_pair_of_leather_clogs,0.1002,4732,1.3667,1.5722,1.1635,(1.5719 - 1.1213)
group3_GOGH_a_pair_of_leather_clogs,0.1503,3572,1.1792,1.3599,0.9961,(1.3216 - 0.971)
group3_GOGH_a_pair_of_leather_clogs,0.2003,2267,1.0235,1.1726,0.8709,(1.1715 - 0.8708)
group3_GOGH_a_pair_of_leather_clogs,0.2503,1217,0.8771,1.0421,0.7596,(1.0212 - 0.7204)
group3_GOGH_a_pair_of_leather_clogs,0.3005,840,0.7643,0.9,0.6638,(0.8708 - 0.6201)
group3_GOGH_a_pair_of_leather_clogs,0.3506,562,0.6713,0.7831,0.5834,(0.7707 - 0.57)
group3_GOGH_a_pair_of_leather_clogs,0.4012,329,0.5887,0.6815,0.5072,(0.6701 - 0.4678)
group3_GOGH_a_pair_of_leather_clogs,0.4513,199,0.501,0.5961,0.4284,(0.57 - 0.4157)
group3_GOGH_a_pair_of_leather_clogs,0.5018,92,0.4294,0.5282,0.3681,(0.5178 - 0.3655)
group3_GOGH_a_pair_of_leather_clogs,0.5521,51,0.3626,0.4214,0.3097,(0.4157 - 0.2604)
group3_GOGH_a_pair_of_leather_clogs,0.6036,32,0.2983,0.3558,0.2602,(0.3124 - 0.2102)
group3_GOGH_a_pair_of_leather_clogs,0.6568,8,0.2431,0.265,0.2103,(0.2604 - 0.2102)
group3_GOGH_a_pair_of_leather_clogs,0.714,2,0.2127,0.2152,0.2102,(0.2102 - 0.2102)
group3_GOGH_blossoming_almond_branch_in_a_glass,0.0003,3976,2.2157,2.9844,1.7328,(2.9691 - 1.7016)
group3_GOGH_blossoming_almond_branch_in_a_glass,0.0504,5811,1.6797,2.1428,1.3982,(2.1023 - 1.3514)
group3_GOGH_blossoming_almond_branch_in_a_glass,0.1005,13356,1.4159,1.9147,1.1672,(1.9018 - 1.1513)
group3_GOGH_blossoming_almond_branch_in_a_glass,0.1506,13264,1.2017,1.6607,0.965,(1.6516 - 0.9512)
group3_GOGH_blossoming_almond_branch_in_a_glass,0.2007,11883,1.0407,1.4481,0.852,(1.4014 - 0.8511)
group3_GOGH_blossoming_almond_branch_in_a_glass,0.2508,11770,0.9218,1.2959,0.7276,(1.2513 - 0.7009)
group3_GOGH_blossoming_almond_branch_in_a_glass,0.3009,11551,0.8204,1.2573,0.6431,(1.2513 - 0.6007)
group3_GOGH_blossoming_almond_branch_in_a_glass,0.351,11456,0.7362,1.1822,0.5618,(1.1513 - 0.5507)
group3_GOGH_blossoming_almond_branch_in_a_glass,0.401,11112,0.6604,1.0306,0.4746,(1.0012 - 0.4506)
group3_GOGH_blossoming_almond_branch_in_a_glass,0.4511,10741,0.5912,0.964,0.4186,(0.9512 - 0.4005)
group3_GOGH_blossoming_almond_branch_in_a_glass,0.5012,10213,0.5295,0.8782,0.3562,(0.8511 - 0.3505)
group3_GOGH_blossoming_almond_branch_in_a_glass,0.5512,9639,0.4722,0.8468,0.3061,(0.801 - 0.3004)
group3_GOGH_blossoming_almond_branch_in_a_glass,0.6013,8796,0.4205,0.7751,0.2436,(0.7509 - 0.2003)
group3_GOGH_blossoming_almond_branch_in_a_glass,0.6513,8048,0.3732,0.7043,0.2081,(0.7009 - 0.2003)
group3_GOGH_blossoming_almond_branch_in_a_glass,0.7013,7323,0.3294,0.6519,0.1652,(0.6508 - 0.1503)
group3_GOGH_blossoming_almond_branch_in_a_glass,0.7514,6712,0.2916,0.628,0.1128,(0.6007 - 0.1002)
group3_GOGH_blossoming_almond_branch_in_a_glass,0.8014,5667,0.2457,0.5523,0.077,(0.5507 - 0.0501)
group3_GOGH_blossoming_almond_branch_in_a_glass,0.8514,4136,0.1821,0.4828,0.0364,(0.4506 - 0.0)
group3_GOGH_blossoming_almond_branch_in_a_glass,0.9015,2573,0.1164,0.3746,0.0159,(0.3505 - 0.0)
group3_GOGH_blossoming_almond_branch_in_a_glass,0.9515,1057,0.0633,0.2349,0,(0.2003 - 0.0)
group3_GOGH_still-life_with_lemons_on_a_plate,0.0001,12308,2.2382,2.9922,1.7069,(2.9766 - 1.6674)
group3_GOGH_still-life_with_lemons_on_a_plate,0.0502,11915,1.6834,2.1235,1.3741,(2.1177 - 1.3673)
group3_GOGH_still-life_with_lemons_on_a_plate,0.1003,12506,1.4231,1.8582,1.168,(1.8175 - 1.1671)
group3_GOGH_still-life_with_lemons_on_a_plate,0.1504,13552,1.2415,1.6299,1.0166,(1.6174 - 0.967)
group3_GOGH_still-life_with_lemons_on_a_plate,0.2005,14152,1.101,1.458,0.8685,(1.4173 - 0.8668)
group3_GOGH_still-life_with_lemons_on_a_plate,0.2506,13556,0.9835,1.3214,0.757,(1.3173 - 0.7167)
group3_GOGH_still-life_with_lemons_on_a_plate,0.3007,11828,0.8803,1.208,0.6525,(1.1671 - 0.6166)
group3_GOGH_still-life_with_lemons_on_a_plate,0.3508,9830,0.7842,1.0851,0.5701,(1.0671 - 0.5666)
group3_GOGH_still-life_with_lemons_on_a_plate,0.4009,7911,0.701,0.9949,0.499,(0.967 - 0.4665)
group3_GOGH_still-life_with_lemons_on_a_plate,0.4509,6350,0.6339,0.9393,0.4394,(0.9169 - 0.4165)
group3_GOGH_still-life_with_lemons_on_a_plate,0.501,4742,0.5743,0.869,0.3778,(0.8668 - 0.3664)
group3_GOGH_still-life_with_lemons_on_a_plate,0.551,3519,0.5162,0.7922,0.3263,(0.7667 - 0.3163)
group3_GOGH_still-life_with_lemons_on_a_plate,0.6011,2734,0.4494,0.7249,0.2695,(0.7167 - 0.2663)
group3_GOGH_still-life_with_lemons_on_a_plate,0.6511,2182,0.3875,0.6583,0.228,(0.6166 - 0.2162)
group3_GOGH_still-life_with_lemons_on_a_plate,0.7012,1872,0.3284,0.5962,0.1878,(0.5666 - 0.1662)
group3_GOGH_still-life_with_lemons_on_a_plate,0.7513,1584,0.2766,0.5309,0.1482,(0.5166 - 0.1161)
group3_GOGH_still-life_with_lemons_on_a_plate,0.8013,1343,0.2329,0.4653,0.114,(0.4165 - 0.066)
group3_GOGH_still-life_with_lemons_on_a_plate,0.8514,952,0.1714,0.4199,0.0765,(0.4165 - 0.066)
group3_GOGH_still-life_with_lemons_on_a_plate,0.9016,623,0.1023,0.303,0.0442,(0.2663 - 0.0158)
group3_GOGH_still-life_with_lemons_on_a_plate,0.9517,343,0.0624,0.1146,0.0158,(0.066 - 0.0158)
group3_GOGH_vase_with_fourteen_sunflowers,0.0002,27897,2.2302,2.9844,1.6448,(2.946 - 1.6367)
group3_GOGH_vase_with_fourteen_sunflowers,0.0503,27104,1.7617,2.2533,1.3052,(2.2372 - 1.2866)
group3_GOGH_vase_with_fourteen_sunflowers,0.1004,23018,1.4983,1.9351,1.0867,(1.8868 - 1.0865)
group3_GOGH_vase_with_fourteen_sunflowers,0.1505,19549,1.3142,1.7388,0.9281,(1.7368 - 0.8863)
group3_GOGH_vase_with_fourteen_sunflowers,0.2005,16931,1.17,1.6052,0.7926,(1.5867 - 0.7861)
group3_GOGH_vase_with_fourteen_sunflowers,0.2506,14912,1.0515,1.4061,0.6691,(1.3866 - 0.636)
group3_GOGH_vase_with_fourteen_sunflowers,0.3007,13372,0.9492,1.2902,0.6412,(1.2866 - 0.636)
group3_GOGH_vase_with_fourteen_sunflowers,0.3508,11881,0.8549,1.1741,0.5565,(1.1365 - 0.5359)
group3_GOGH_vase_with_fourteen_sunflowers,0.4009,10061,0.7669,1.0984,0.4697,(1.0865 - 0.4358)
group3_GOGH_vase_with_fourteen_sunflowers,0.4509,8455,0.6848,1.0152,0.4202,(0.9864 - 0.3858)
group3_GOGH_vase_with_fourteen_sunflowers,0.501,6882,0.6099,0.9117,0.3601,(0.8863 - 0.3357)
group3_GOGH_vase_with_fourteen_sunflowers,0.551,5836,0.5458,0.8333,0.293,(0.7861 - 0.2856)
group3_GOGH_vase_with_fourteen_sunflowers,0.6011,5128,0.4881,0.7422,0.249,(0.7361 - 0.2355)
group3_GOGH_vase_with_fourteen_sunflowers,0.6511,4557,0.4364,0.696,0.1984,(0.686 - 0.1854)
group3_GOGH_vase_with_fourteen_sunflowers,0.7012,3780,0.3847,0.6239,0.1604,(0.586 - 0.1353)
group3_GOGH_vase_with_fourteen_sunflowers,0.7513,3231,0.3348,0.5476,0.1125,(0.5359 - 0.0848)
group3_GOGH_vase_with_fourteen_sunflowers,0.8013,2429,0.2871,0.4896,0.1025,(0.4859 - 0.0848)
group3_GOGH_vase_with_fourteen_sunflowers,0.8514,1518,0.2425,0.4627,0.0643,(0.4358 - 0.0337)
group3_GOGH_vase_with_fourteen_sunflowers,0.9015,652,0.2009,0.3882,0.0418,(0.3858 - 0.0337)
group3_GOGH_vase_with_fourteen_sunflowers,0.9515,119,0.1456,0.2439,0.0337,(0.2355 - 0.0337)
group3_GOGH_vase_with_red_poppies,0,19560,2.1725,3,1.719,(2.9611 - 1.7038)
group3_GOGH_vase_with_red_poppies,0.0501,20790,1.6756,2.0298,1.3816,(2.004 - 1.3537)
group3_GOGH_vase_with_red_poppies,0.1002,15562,1.4083,1.677,1.1447,(1.6538 - 1.1036)
group3_GOGH_vase_with_red_poppies,0.1503,10810,1.2192,1.4626,0.9728,(1.4537 - 0.9535)
group3_GOGH_vase_with_red_poppies,0.2003,8279,1.0748,1.3087,0.8519,(1.3036 - 0.8034)
group3_GOGH_vase_with_red_poppies,0.2503,6318,0.9518,1.1537,0.7447,(1.1536 - 0.7033)
group3_GOGH_vase_with_red_poppies,0.3004,5007,0.841,1.0628,0.6506,(1.0535 - 0.6033)
group3_GOGH_vase_with_red_poppies,0.3505,3845,0.7485,0.9673,0.5753,(0.9535 - 0.5532)
group3_GOGH_vase_with_red_poppies,0.4005,3083,0.6643,0.864,0.4968,(0.8534 - 0.4531)
group3_GOGH_vase_with_red_poppies,0.4506,2473,0.5934,0.7786,0.4432,(0.7534 - 0.403)
group3_GOGH_vase_with_red_poppies,0.5006,2093,0.5304,0.7044,0.3834,(0.7033 - 0.353)
group3_GOGH_vase_with_red_poppies,0.5507,1827,0.4634,0.6331,0.3289,(0.6033 - 0.3029)
group3_GOGH_vase_with_red_poppies,0.6007,1516,0.3993,0.5645,0.3031,(0.5532 - 0.3029)
group3_GOGH_vase_with_red_poppies,0.6508,1505,0.3446,0.5107,0.2397,(0.5032 - 0.2027)
group3_GOGH_vase_with_red_poppies,0.7009,1348,0.2952,0.4461,0.2104,(0.403 - 0.2027)
group3_GOGH_vase_with_red_poppies,0.7509,1213,0.248,0.4044,0.157,(0.403 - 0.1526)
group3_GOGH_vase_with_red_poppies,0.801,1109,0.2074,0.342,0.1143,(0.3029 - 0.1025)
group3_GOGH_vase_with_red_poppies,0.8511,1011,0.1599,0.2942,0.081,(0.2528 - 0.0524)
group3_GOGH_vase_with_red_poppies,0.9011,914,0.1098,0.2167,0.0238,(0.2027 - 0.002)
group3_GOGH_vase_with_red_poppies,0.9512,591,0.0693,0.1663,0.002,(0.1526 - 0.002)
group3_MANET_branch_of_white_peonies_and_secateurs,0,10655,2.2255,3,1.7255,(2.9611 - 1.702)
group3_MANET_branch_of_white_peonies_and_secateurs,0.0501,5227,1.6289,1.9189,1.362,(1.9022 - 1.3517)
group3_MANET_branch_of_white_peonies_and_secateurs,0.1002,3245,1.3212,1.6075,1.1327,(1.6019 - 1.1014)
group3_MANET_branch_of_white_peonies_and_secateurs,0.1503,2697,1.1149,1.3413,0.9663,(1.3015 - 0.9513)
group3_MANET_branch_of_white_peonies_and_secateurs,0.2003,2585,0.9592,1.1434,0.8376,(1.1014 - 0.801)
group3_MANET_branch_of_white_peonies_and_secateurs,0.2503,2605,0.8347,1.0168,0.7198,(1.0013 - 0.701)
group3_MANET_branch_of_white_peonies_and_secateurs,0.3004,2726,0.7316,0.9084,0.6256,(0.9011 - 0.6007)
group3_MANET_branch_of_white_peonies_and_secateurs,0.3505,2920,0.6462,0.8249,0.5416,(0.801 - 0.5006)
group3_MANET_branch_of_white_peonies_and_secateurs,0.4005,3040,0.57,0.7377,0.4693,(0.701 - 0.4506)
group3_MANET_branch_of_white_peonies_and_secateurs,0.4506,2927,0.5023,0.6774,0.4088,(0.6508 - 0.4005)
group3_MANET_branch_of_white_peonies_and_secateurs,0.5006,2825,0.4461,0.6324,0.3536,(0.6007 - 0.3505)
group3_MANET_branch_of_white_peonies_and_secateurs,0.5507,2927,0.3942,0.5815,0.2915,(0.5507 - 0.2503)
group3_MANET_branch_of_white_peonies_and_secateurs,0.6007,2879,0.3462,0.6384,0.2472,(0.6007 - 0.2003)
group3_MANET_branch_of_white_peonies_and_secateurs,0.6508,2848,0.2973,0.6149,0.195,(0.6007 - 0.1503)
group3_MANET_branch_of_white_peonies_and_secateurs,0.7009,2612,0.2479,0.51,0.1555,(0.5006 - 0.1503)
group3_MANET_branch_of_white_peonies_and_secateurs,0.7509,2334,0.1995,0.386,0.1166,(0.3505 - 0.1002)
group3_MANET_branch_of_white_peonies_and_secateurs,0.801,1956,0.1508,0.2753,0.0729,(0.2503 - 0.0501)
group3_MANET_branch_of_white_peonies_and_secateurs,0.8511,1522,0.1076,0.2407,0.046,(0.2003 - 0.0)
group3_MANET_branch_of_white_peonies_and_secateurs,0.9011,948,0.0683,0.1544,0.0159,(0.1503 - 0.0)
group3_MANET_branch_of_white_peonies_and_secateurs,0.9513,297,0.0362,0.1102,0,(0.1002 - 0.0)
group3_MANET_bunch_of_violets,0,20574,2.2217,3,1.7152,(2.9612 - 1.7016)
group3_MANET_bunch_of_violets,0.0501,18475,1.7065,2.1535,1.3356,(2.152 - 1.3014)
group3_MANET_bunch_of_violets,0.1002,13724,1.4324,1.823,1.1171,(1.8016 - 1.1013)
group3_MANET_bunch_of_violets,0.1503,8869,1.2172,1.5715,0.9478,(1.5515 - 0.9011)
group3_MANET_bunch_of_violets,0.2003,6251,1.0522,1.3979,0.8212,(1.3514 - 0.801)
group3_MANET_bunch_of_violets,0.2503,5180,0.9294,1.2503,0.7149,(1.2013 - 0.7009)
group3_MANET_bunch_of_violets,0.3004,4559,0.8306,1.1472,0.6206,(1.1013 - 0.6007)
group3_MANET_bunch_of_violets,0.3505,4164,0.7431,1.0346,0.5385,(1.0012 - 0.5006)
group3_MANET_bunch_of_violets,0.4005,3784,0.6624,0.9651,0.4618,(0.9512 - 0.4506)
group3_MANET_bunch_of_violets,0.4506,3422,0.5918,0.8435,0.4044,(0.801 - 0.4005)
group3_MANET_bunch_of_violets,0.5006,3166,0.5294,0.7637,0.3412,(0.7509 - 0.3004)
group3_MANET_bunch_of_violets,0.5507,2899,0.4698,0.7054,0.2966,(0.7009 - 0.2503)
group3_MANET_bunch_of_violets,0.6007,2719,0.4106,0.637,0.2472,(0.6007 - 0.2003)
group3_MANET_bunch_of_violets,0.6508,2636,0.3557,0.5637,0.2043,(0.5507 - 0.2003)
group3_MANET_bunch_of_violets,0.7009,2439,0.3005,0.4836,0.1594,(0.4506 - 0.1503)
group3_MANET_bunch_of_violets,0.7509,2197,0.2461,0.4095,0.1215,(0.4005 - 0.1002)
group3_MANET_bunch_of_violets,0.801,1890,0.1908,0.351,0.085,(0.3505 - 0.0501)
group3_MANET_bunch_of_violets,0.8511,1499,0.1372,0.2942,0.0523,(0.2503 - 0.0501)
group3_MANET_bunch_of_violets,0.9011,1230,0.0889,0.2428,0.0159,(0.2003 - 0.0)
group3_MANET_bunch_of_violets,0.9512,621,0.0439,0.1798,0,(0.1503 - 0.0)
group3_MANET_bundle_of_asparagus,0,28740,2.2764,3,1.7439,(2.9922 - 1.7295)
group3_MANET_bundle_of_asparagus,0.0501,26070,1.7334,2.1905,1.375,(2.18 - 1.3294)
group3_MANET_bundle_of_asparagus,0.1002,19637,1.4357,1.8103,1.1522,(1.7795 - 1.1292)
group3_MANET_bundle_of_asparagus,0.1503,15218,1.2249,1.55,0.9732,(1.5294 - 0.929)
group3_MANET_bundle_of_asparagus,0.2003,12661,1.0635,1.3959,0.8433,(1.3794 - 0.8289)
group3_MANET_bundle_of_asparagus,0.2503,10970,0.9264,1.2279,0.7216,(1.1792 - 0.6787)
group3_MANET_bundle_of_asparagus,0.3004,9458,0.811,1.079,0.6332,(1.0292 - 0.6286)
group3_MANET_bundle_of_asparagus,0.3505,8184,0.7089,0.9572,0.5568,(0.929 - 0.5286)
group3_MANET_bundle_of_asparagus,0.4005,7158,0.6174,0.8849,0.4761,(0.8789 - 0.4284)
group3_MANET_bundle_of_asparagus,0.4506,6212,0.5377,0.7837,0.3996,(0.7788 - 0.3783)
group3_MANET_bundle_of_asparagus,0.5006,5278,0.4675,0.6766,0.3493,(0.6286 - 0.3283)
group3_MANET_bundle_of_asparagus,0.5507,4325,0.4041,0.5781,0.2999,(0.5286 - 0.2782)
group3_MANET_bundle_of_asparagus,0.6007,3474,0.3484,0.4699,0.2434,(0.4284 - 0.2282)
group3_MANET_bundle_of_asparagus,0.6508,2782,0.2976,0.4173,0.192,(0.3783 - 0.1781)
group3_MANET_bundle_of_asparagus,0.7009,2080,0.2497,0.3468,0.1668,(0.3283 - 0.1281)
group3_MANET_bundle_of_asparagus,0.7509,1589,0.2046,0.2843,0.1149,(0.2782 - 0.078)
group3_MANET_bundle_of_asparagus,0.801,1160,0.162,0.2324,0.0838,(0.2282 - 0.078)
group3_MANET_bundle_of_asparagus,0.8511,676,0.1198,0.1893,0.0606,(0.1781 - 0.0279)
group3_MANET_bundle_of_asparagus,0.9013,191,0.0806,0.1259,0.0463,(0.078 - 0.0279)
group3_MANET_bundle_of_asparagus,0.9514,20,0.0492,0.064,0.0279,(0.0279 - 0.0279)
group3_MANET_still-life,0,20541,2.1846,3,1.7536,(2.9611 - 1.7038)
group3_MANET_still-life,0.0501,19530,1.7018,2.1488,1.4083,(2.1042 - 1.4037)
group3_MANET_still-life,0.1002,14478,1.4183,1.7509,1.17,(1.7038 - 1.1536)
group3_MANET_still-life,0.1503,10844,1.2245,1.6245,1.0093,(1.6038 - 1.0035)
group3_MANET_still-life,0.2003,8478,1.0681,1.3594,0.8805,(1.3537 - 0.8534)
group3_MANET_still-life,0.2503,6607,0.9396,1.2566,0.7599,(1.2536 - 0.7533)
group3_MANET_still-life,0.3004,5296,0.8268,1.0925,0.6758,(1.0535 - 0.6531)
group3_MANET_still-life,0.3505,4338,0.728,0.9671,0.5895,(0.9535 - 0.553)
group3_MANET_still-life,0.4005,3604,0.6391,0.8769,0.5068,(0.8534 - 0.503)
group3_MANET_still-life,0.4506,2984,0.5587,0.7549,0.436,(0.7533 - 0.4029)
group3_MANET_still-life,0.5006,2528,0.4849,0.6896,0.3802,(0.6531 - 0.3528)
group3_MANET_still-life,0.5507,2151,0.4164,0.6229,0.3168,(0.6031 - 0.3027)
group3_MANET_still-life,0.6007,1887,0.3561,0.5415,0.2695,(0.503 - 0.2526)
group3_MANET_still-life,0.6508,1648,0.2963,0.4934,0.2126,(0.4529 - 0.2025)
group3_MANET_still-life,0.7009,1430,0.2435,0.4143,0.179,(0.4029 - 0.1524)
group3_MANET_still-life,0.7509,1245,0.1967,0.3538,0.1252,(0.3528 - 0.1023)
group3_MANET_still-life,0.801,1131,0.1515,0.3096,0.0932,(0.3027 - 0.0521)
group3_MANET_still-life,0.8511,981,0.1119,0.243,0.0583,(0.2025 - 0.0521)
group3_MANET_still-life,0.9011,719,0.0761,0.1992,0.0219,(0.1524 - 0.002)
group3_MANET_still-life,0.9512,372,0.0441,0.1423,0.002,(0.1023 - 0.002)
group3_MANET_still-life_with_fish,0,17650,2.2646,3,1.7653,(2.9611 - 1.7517)
group3_MANET_still-life_with_fish,0.0501,14736,1.6863,2.0748,1.4225,(2.0522 - 1.4014)
group3_MANET_still-life_with_fish,0.1002,11959,1.4049,1.8286,1.1886,(1.8018 - 1.1513)
group3_MANET_still-life_with_fish,0.1503,9568,1.2071,1.6478,1.0197,(1.6016 - 1.0012)
group3_MANET_still-life_with_fish,0.2003,7568,1.0558,1.5027,0.8806,(1.5014 - 0.8511)
group3_MANET_still-life_with_fish,0.2503,6104,0.9303,1.3858,0.7719,(1.3514 - 0.7509)
group3_MANET_still-life_with_fish,0.3004,5296,0.8252,1.2706,0.6708,(1.2513 - 0.6508)
group3_MANET_still-life_with_fish,0.3505,4836,0.739,1.1607,0.5838,(1.1513 - 0.5507)
group3_MANET_still-life_with_fish,0.4005,4455,0.6663,1.102,0.5043,(1.1013 - 0.5006)
group3_MANET_still-life_with_fish,0.4506,3979,0.5879,1.0001,0.4471,(0.9512 - 0.4005)
group3_MANET_still-life_with_fish,0.5006,3579,0.5198,0.9657,0.3826,(0.9512 - 0.3505)
group3_MANET_still-life_with_fish,0.5507,3284,0.4738,0.923,0.3262,(0.9011 - 0.3004)
group3_MANET_still-life_with_fish,0.6007,2994,0.4278,0.836,0.265,(0.801 - 0.2503)
group3_MANET_still-life_with_fish,0.6508,2806,0.3803,0.8101,0.2191,(0.801 - 0.2003)
group3_MANET_still-life_with_fish,0.7009,2342,0.3108,0.6984,0.1791,(0.6508 - 0.1503)
group3_MANET_still-life_with_fish,0.7509,1948,0.24,0.6203,0.1292,(0.6007 - 0.1002)
group3_MANET_still-life_with_fish,0.8011,1560,0.1721,0.527,0.0972,(0.5006 - 0.0501)
group3_MANET_still-life_with_fish,0.8512,1296,0.119,0.4488,0.0541,(0.4005 - 0.0501)
group3_MANET_still-life_with_fish,0.9012,1035,0.0741,0.1512,0.0238,(0.1503 - 0.0)
group3_MANET_still-life_with_fish,0.9512,629,0.0371,0.1013,0,(0.1002 - 0.0)
group3_MONET_bouquet_of_flowers,0,31390,2.2144,3,1.6757,(2.9844 - 1.6756)
group3_MONET_bouquet_of_flowers,0.0501,29109,1.6592,2.1324,1.3263,(2.1261 - 1.3255)
group3_MONET_bouquet_of_flowers,0.1002,27453,1.3791,1.8401,1.0982,(1.8257 - 1.0754)
group3_MONET_bouquet_of_flowers,0.1503,24080,1.1891,1.5663,0.9403,(1.5255 - 0.9251)
group3_MONET_bouquet_of_flowers,0.2003,20093,1.0401,1.3816,0.8134,(1.3755 - 0.775)
group3_MONET_bouquet_of_flowers,0.2503,17095,0.9211,1.2439,0.7044,(1.2254 - 0.6749)
group3_MONET_bouquet_of_flowers,0.3004,14215,0.8179,1.1155,0.6288,(1.0754 - 0.6249)
group3_MONET_bouquet_of_flowers,0.3505,12109,0.7294,1.0099,0.5417,(0.9752 - 0.5248)
group3_MONET_bouquet_of_flowers,0.4005,10678,0.6502,0.9009,0.4717,(0.8751 - 0.4247)
group3_MONET_bouquet_of_flowers,0.4506,9399,0.5801,0.8476,0.3946,(0.8251 - 0.3747)
group3_MONET_bouquet_of_flowers,0.5006,8059,0.5161,0.7551,0.3585,(0.725 - 0.3246)
group3_MONET_bouquet_of_flowers,0.5507,6563,0.4542,0.6919,0.2954,(0.6749 - 0.2745)
group3_MONET_bouquet_of_flowers,0.6007,5233,0.3965,0.6105,0.2475,(0.5749 - 0.2244)
group3_MONET_bouquet_of_flowers,0.6508,3972,0.3423,0.5678,0.2024,(0.5248 - 0.1743)
group3_MONET_bouquet_of_flowers,0.7009,2972,0.2892,0.478,0.1498,(0.4748 - 0.1242)
group3_MONET_bouquet_of_flowers,0.7509,2136,0.2387,0.4309,0.1402,(0.4247 - 0.1242)
group3_MONET_bouquet_of_flowers,0.801,1381,0.1913,0.3787,0.0932,(0.3747 - 0.074)
group3_MONET_bouquet_of_flowers,0.8511,749,0.146,0.2893,0.0785,(0.2745 - 0.074)
group3_MONET_bouquet_of_flowers,0.9011,341,0.1031,0.2448,0.0499,(0.2244 - 0.0239)
group3_MONET_bouquet_of_flowers,0.9516,118,0.0685,0.1916,0.0239,(0.1743 - 0.0239)
group3_MONET_bouquet_of_sunflowers,0,26190,2.2157,3,1.725,(2.9689 - 1.7116)
group3_MONET_bouquet_of_sunflowers,0.0501,28367,1.7024,2.1307,1.3499,(2.112 - 1.3114)
group3_MONET_bouquet_of_sunflowers,0.1002,27047,1.4252,1.8992,1.1136,(1.8617 - 1.1113)
group3_MONET_bouquet_of_sunflowers,0.1503,25041,1.2303,1.71,0.9336,(1.6616 - 0.9111)
group3_MONET_bouquet_of_sunflowers,0.2003,21893,1.0758,1.5008,0.8038,(1.4614 - 0.7609)
group3_MONET_bouquet_of_sunflowers,0.2503,18982,0.9525,1.4003,0.7044,(1.3614 - 0.6608)
group3_MONET_bouquet_of_sunflowers,0.3004,16141,0.8466,1.2069,0.6124,(1.1613 - 0.6108)
group3_MONET_bouquet_of_sunflowers,0.3505,13982,0.7579,1.114,0.5307,(1.1113 - 0.5107)
group3_MONET_bouquet_of_sunflowers,0.4005,11812,0.6806,0.9906,0.462,(0.9612 - 0.4607)
group3_MONET_bouquet_of_sunflowers,0.4506,9793,0.6093,0.9198,0.3974,(0.9111 - 0.3606)
group3_MONET_bouquet_of_sunflowers,0.5006,7933,0.5467,0.8436,0.3429,(0.811 - 0.3105)
group3_MONET_bouquet_of_sunflowers,0.5507,6386,0.4898,0.8224,0.2825,(0.811 - 0.2604)
group3_MONET_bouquet_of_sunflowers,0.6007,4870,0.4289,0.7446,0.2448,(0.7109 - 0.2104)
group3_MONET_bouquet_of_sunflowers,0.6508,3534,0.3615,0.6413,0.2067,(0.6108 - 0.1603)
group3_MONET_bouquet_of_sunflowers,0.7009,2405,0.2921,0.5618,0.1575,(0.5608 - 0.1102)
group3_MONET_bouquet_of_sunflowers,0.7509,1608,0.2228,0.4986,0.1275,(0.4607 - 0.1102)
group3_MONET_bouquet_of_sunflowers,0.8011,1124,0.169,0.4145,0.0769,(0.4106 - 0.0601)
group3_MONET_bouquet_of_sunflowers,0.8512,615,0.1244,0.3096,0.0382,(0.2604 - 0.0099)
group3_MONET_bouquet_of_sunflowers,0.9012,220,0.0858,0.1863,0.02,(0.1603 - 0.0099)
group3_MONET_bouquet_of_sunflowers,0.9512,37,0.0532,0.0991,0.0099,(0.0601 - 0.0099)
group3_MONET_jerusalem_artichoke_flowers,0,31676,2.2557,3,1.7056,(2.9689 - 1.6639)
group3_MONET_jerusalem_artichoke_flowers,0.0501,26497,1.7171,2.1632,1.3625,(2.1143 - 1.3137)
group3_MONET_jerusalem_artichoke_flowers,0.1002,22081,1.433,1.9025,1.1338,(1.864 - 1.1137)
group3_MONET_jerusalem_artichoke_flowers,0.1503,18829,1.2331,1.6805,0.9549,(1.6639 - 0.9136)
group3_MONET_jerusalem_artichoke_flowers,0.2003,16471,1.0767,1.4929,0.8183,(1.4638 - 0.8135)
group3_MONET_jerusalem_artichoke_flowers,0.2503,14759,0.9494,1.354,0.7338,(1.3137 - 0.7134)
group3_MONET_jerusalem_artichoke_flowers,0.3004,12905,0.8427,1.2341,0.6348,(1.2137 - 0.6134)
group3_MONET_jerusalem_artichoke_flowers,0.3505,11312,0.7512,1.1347,0.5541,(1.1137 - 0.5133)
group3_MONET_jerusalem_artichoke_flowers,0.4005,9853,0.6726,1.0281,0.4831,(1.0136 - 0.4632)
group3_MONET_jerusalem_artichoke_flowers,0.4506,8537,0.6041,0.9528,0.4112,(0.9136 - 0.3631)
group3_MONET_jerusalem_artichoke_flowers,0.5006,7176,0.5412,0.8816,0.3599,(0.8635 - 0.313)
group3_MONET_jerusalem_artichoke_flowers,0.5507,5722,0.4784,0.8131,0.3116,(0.7635 - 0.2629)
group3_MONET_jerusalem_artichoke_flowers,0.6007,4257,0.4113,0.712,0.2654,(0.6634 - 0.2629)
group3_MONET_jerusalem_artichoke_flowers,0.6508,2844,0.3435,0.6375,0.2235,(0.6134 - 0.2128)
group3_MONET_jerusalem_artichoke_flowers,0.7009,1840,0.2714,0.5799,0.1682,(0.5633 - 0.1627)
group3_MONET_jerusalem_artichoke_flowers,0.7509,1075,0.2105,0.513,0.1439,(0.4632 - 0.1127)
group3_MONET_jerusalem_artichoke_flowers,0.801,630,0.1621,0.4021,0.1036,(0.3631 - 0.0625)
group3_MONET_jerusalem_artichoke_flowers,0.8511,292,0.1206,0.224,0.0651,(0.2128 - 0.0625)
group3_MONET_jerusalem_artichoke_flowers,0.9011,115,0.0844,0.156,0.0278,(0.1127 - 0.0118)
group3_MONET_jerusalem_artichoke_flowers,0.9513,51,0.0427,0.0946,0.0118,(0.0625 - 0.0118)
group3_MONET_still-life_with_melon,0,38488,2.2092,3,1.6711,(2.9689 - 1.6576)
group3_MONET_still-life_with_melon,0.0501,28698,1.6581,2.1486,1.3089,(2.108 - 1.3074)
group3_MONET_still-life_with_melon,0.1002,22466,1.383,1.7814,1.0795,(1.7576 - 1.0573)
group3_MONET_still-life_with_melon,0.1503,19338,1.1869,1.5939,0.9446,(1.5575 - 0.9071)
group3_MONET_still-life_with_melon,0.2003,16113,1.0314,1.3936,0.8161,(1.3574 - 0.807)
group3_MONET_still-life_with_melon,0.2503,13610,0.9058,1.1962,0.71,(1.1573 - 0.7069)
group3_MONET_still-life_with_melon,0.3004,11275,0.8007,1.0977,0.6091,(1.0573 - 0.6068)
group3_MONET_still-life_with_melon,0.3505,9714,0.7082,0.9928,0.5446,(0.9572 - 0.5067)
group3_MONET_still-life_with_melon,0.4005,8535,0.6257,0.902,0.4788,(0.8571 - 0.4567)
group3_MONET_still-life_with_melon,0.4506,7143,0.5509,0.8504,0.4116,(0.807 - 0.4066)
group3_MONET_still-life_with_melon,0.5006,6000,0.4834,0.7395,0.3566,(0.7069 - 0.3566)
group3_MONET_still-life_with_melon,0.5507,5042,0.4227,0.682,0.3063,(0.6568 - 0.2564)
group3_MONET_still-life_with_melon,0.6007,4100,0.3689,0.6556,0.231,(0.6068 - 0.2063)
group3_MONET_still-life_with_melon,0.6508,3085,0.3206,0.5541,0.2152,(0.5067 - 0.2063)
group3_MONET_still-life_with_melon,0.7009,2234,0.2739,0.5232,0.151,(0.5067 - 0.1061)
group3_MONET_still-life_with_melon,0.7509,1681,0.2319,0.4227,0.1372,(0.4066 - 0.1061)
group3_MONET_still-life_with_melon,0.801,1093,0.1883,0.3799,0.0973,(0.3566 - 0.056)
group3_MONET_still-life_with_melon,0.8511,689,0.1453,0.3285,0.0606,(0.3065 - 0.056)
group3_MONET_still-life_with_melon,0.9011,295,0.1084,0.2692,0.0341,(0.2564 - 0.0059)
group3_MONET_still-life_with_melon,0.9512,113,0.0747,0.2057,0.0059,(0.1562 - 0.0059)
group3_MONET_still-life_with_pears_and_grapes,0,29251,2.2098,3,1.6677,(2.9611 - 1.6516)
group3_MONET_still-life_with_pears_and_grapes,0.0501,27030,1.6653,2.1461,1.3113,(2.1019 - 1.3014)
group3_MONET_still-life_with_pears_and_grapes,0.1002,22916,1.3834,1.7518,1.0636,(1.7516 - 1.0513)
group3_MONET_still-life_with_pears_and_grapes,0.1503,18605,1.185,1.5235,0.9016,(1.5014 - 0.9011)
group3_MONET_still-life_with_pears_and_grapes,0.2003,15047,1.0354,1.3279,0.7767,(1.3014 - 0.7509)
group3_MONET_still-life_with_pears_and_grapes,0.2503,11855,0.906,1.2382,0.6857,(1.2013 - 0.6508)
group3_MONET_still-life_with_pears_and_grapes,0.3004,9849,0.7993,1.1079,0.5799,(1.1013 - 0.5507)
group3_MONET_still-life_with_pears_and_grapes,0.3505,7973,0.7036,1.0011,0.5147,(0.9512 - 0.5006)
group3_MONET_still-life_with_pears_and_grapes,0.4005,6534,0.623,0.9438,0.4427,(0.9011 - 0.4005)
group3_MONET_still-life_with_pears_and_grapes,0.4506,5271,0.547,0.8471,0.3855,(0.801 - 0.3505)
group3_MONET_still-life_with_pears_and_grapes,0.5006,4392,0.4795,0.7878,0.3215,(0.7509 - 0.3004)
group3_MONET_still-life_with_pears_and_grapes,0.5507,3670,0.4127,0.701,0.2791,(0.7009 - 0.2503)
group3_MONET_still-life_with_pears_and_grapes,0.6007,3194,0.3556,0.6107,0.2245,(0.6007 - 0.2003)
group3_MONET_still-life_with_pears_and_grapes,0.6508,2710,0.3032,0.5334,0.1683,(0.5006 - 0.1503)
group3_MONET_still-life_with_pears_and_grapes,0.7009,2111,0.2531,0.4729,0.1563,(0.4506 - 0.1503)
group3_MONET_still-life_with_pears_and_grapes,0.7509,1701,0.2024,0.411,0.1212,(0.4005 - 0.1002)
group3_MONET_still-life_with_pears_and_grapes,0.801,1242,0.154,0.3579,0.0893,(0.3505 - 0.0501)
group3_MONET_still-life_with_pears_and_grapes,0.8511,839,0.11,0.2988,0.0523,(0.2503 - 0.0501)
group3_MONET_still-life_with_pears_and_grapes,0.9011,422,0.0691,0.2119,0.0199,(0.2003 - 0.0)
group3_MONET_still-life_with_pears_and_grapes,0.9513,162,0.0344,0.0836,0,(0.0501 - 0.0)